line,pct,c1_coarse,c1_fine,c2_coarse,c2_fine,cmd,z11_r,z11_i,z21_r,z21_i,z12_r,z12_i,z22_r,z22_i,s22_r,s22_i,s22_mag,s22_phase_deg,z_load_r,z_load_x,gamma_real,gamma_imag,gamma_mag,gamma_phase_deg
Line 1,0,0,0,0,0,zpar show f1 0 0 0 0,-0.32,-23.051,-0.696,-23.984,-0.295,-23.762,-0.322,4.648,-0.322,4.648,4.659140264040137,93.962954198133,9.502206034223427,-9.32261369822902,-0.6403434445517537,-0.2570037194450035,0.689993216480402,-158.13179641461974
Line 1,2,0,0,0,3,zpar show f1 0 0 0 3,-0.294,-22.553,-0.729,-24.445,-0.293,-24.17,-0.303,5.03,-0.303,5.03,5.039117879153057,93.44725010939312,9.896363415388235,-9.824636340463094,-0.6258081675784118,-0.26667685807631003,0.6802590750892648,-156.91959654790597
Line 1,4,0,0,0,7,zpar show f1 0 0 0 7,-0.272,-21.858,-0.757,-25.09,-0.28,-24.741,-0.288,5.563,-0.288,5.563,5.57044998182373,92.96359266855157,10.481799985534865,-10.507506227797204,-0.6049491603121194,-0.2788279003156449,0.6661144680584333,-155.25449017952207
Line 1,6,0,0,0,10,zpar show f1 0 0 0 10,-0.242,-21.276,-0.779,-25.632,-0.282,-25.224,-0.269,6.007,-0.269,6.007,6.013020039880126,92.5640543631602,10.984968786877168,-11.079860791958893,-0.5873525291567687,-0.2883931139209733,0.6543344570354586,-153.84872416430997
Line 1,8,0,0,1,0,zpar show f1 0 0 1 0,-0.198,-20.575,-0.813,-26.287,-0.294,-25.81,-0.249,6.54,-0.249,6.54,6.5447384210524415,92.18039167010448,11.615983921879556,-11.771037136791742,-0.5658100370097612,-0.29913030550922215,0.6400155761034476,-152.13565703733815
Line 1,10,0,0,1,4,zpar show f1 0 0 1 4,-0.156,-19.883,-0.836,-26.929,-0.305,-26.386,-0.226,7.051,-0.226,7.051,7.054620967847955,91.83582677624456,12.257636049640737,-12.424176899573467,-0.5447113602356816,-0.3082636671756446,0.625888931417055,-150.49356165471755
Line 1,12,0,0,1,7,zpar show f1 0 0 1 7,-0.131,-19.332,-0.844,-27.439,-0.309,-26.845,-0.215,7.456,-0.215,7.456,7.459099208349491,91.65171405202898,12.7932717149157,-12.927643888866179,-0.5277726141583983,-0.3145321108393601,0.6143894375757554,-149.20668945751146
Line 1,14,0,0,1,11,zpar show f1 0 0 1 11,-0.089,-18.518,-0.856,-28.189,-0.321,-27.526,-0.197,8.052,-0.197,8.052,8.054409537638373,91.40151729351912,13.608740295598757,-13.661405893387727,-0.5027914177136451,-0.3227582158533365,0.5974714015141864,-147.30227065527384
Line 1,16,0,0,2,1,zpar show f1 0 0 2 1,-0.028,-17.806,-0.882,-28.842,-0.353,-28.124,-0.168,8.565,-0.168,8.565,8.566647477280712,91.12369606424818,14.332484901660985,-14.30577341006987,-0.48118096555713485,-0.32937386617288567,0.5831142815367932,-145.60791423469192
Line 1,18,0,0,2,4,zpar show f1 0 0 2 4,0.004,-17.256,-0.89,-29.338,-0.366,-28.579,-0.156,8.953,-0.156,8.953,8.954358994366933,90.9982393842827,14.912253413865717,-14.769603866502656,-0.4647119740588101,-0.33326859718523855,0.5718611515949068,-144.35376796693248
Line 1,20,0,0,2,8,zpar show f1 0 0 2 8,0.049,-16.463,-0.897,-30.052,-0.382,-29.238,-0.14,9.509,-0.14,9.509,9.51003054674379,90.84349875107765,15.776302552307348,-15.417326137987946,-0.44113038616781963,-0.3377869583539611,0.5556042177976966,-142.55762045541596
Line 1,22,0,0,2,11,zpar show f1 0 0 2 11,0.079,-15.817,-0.895,-30.632,-0.392,-29.774,-0.131,9.956,-0.131,9.956,9.956861804805769,90.75384833307076,16.504535333570317,-15.918133818855425,-0.422179623572576,-0.3404045370579443,0.5423199087342409,-141.12067649933178
Line 1,24,0,0,3,1,zpar show f1 0 0 3 1,0.142,-15.049,-0.909,-31.31,-0.431,-30.413,-0.108,10.484,-0.108,10.484,10.484556261473347,90.59020653519924,17.37666994897175,-16.521471239561873,-0.4000129792130489,-0.34329797225953157,0.527127955335709,-139.36324321407056
Line 1,26,0,0,3,5,zpar show f1 0 0 3 5,0.183,-14.28,-0.903,-31.985,-0.449,-31.048,-0.095,11.003,-0.095,11.003,11.003410107780224,90.49467997871842,18.282817389553347,-17.06758922301266,-0.3783799657979744,-0.3445321084989278,0.5117360377225677,-137.68071889002883
Line 1,28,0,0,3,8,zpar show f1 0 0 3 8,0.221,-13.644,-0.902,-32.537,-0.468,-31.572,-0.083,11.43,-0.083,11.43,11.430301352107914,90.41605127859779,19.045656202967585,-17.505488483764033,-0.36084212679581323,-0.3450210699543063,0.49924601068305,-136.28399955701687
Line 1,30,0,0,3,11,zpar show f1 0 0 3 11,0.249,-12.968,-0.891,-33.118,-0.481,-32.128,-0.078,11.883,-0.078,11.883,11.883255993203209,90.3760840375967,19.877523183470753,-17.939481731889785,-0.3425867733735927,-0.3446789439169718,0.48597250094038075,-134.8255810396876
Line 1,32,0,0,4,2,zpar show f1 0 0 4 2,0.323,-11.957,-0.9,-33.975,-0.526,-32.956,-0.049,12.549,-0.049,12.549,12.549095664628586,90.22372132663955,21.12723056600263,-18.579228332582353,-0.3161300594918303,-0.3437878952419356,0.4670421088394367,-132.60007986162844
Line 1,34,0,0,4,5,zpar show f1 0 0 4 5,0.347,-11.355,-0.889,-34.483,-0.537,-33.448,-0.044,12.944,-0.044,12.944,12.944074783467531,90.19476240641008,21.898179433024662,-18.913565795863192,-0.3008368651655122,-0.34219870145545495,0.45563447051382333,-131.31964622519652
Line 1,36,0,0,4,8,zpar show f1 0 0 4 8,0.382,-10.687,-0.884,-35.039,-0.558,-33.991,-0.03,13.38,-0.03,13.38,13.380033632244727,90.12846565807178,22.75415764745364,-19.274088411026987,-0.2843521785437499,-0.34025158479741896,0.44342677230827166,-129.88589380268306
Line 1,38,0,0,4,12,zpar show f1 0 0 4 12,0.41,-9.734,-0.861,-35.828,-0.573,-34.765,-0.023,14.001,-0.023,14.001,14.001018891495004,90.09412197295892,24.006407906489883,-19.726279321673168,-0.2616002032864732,-0.33627734011565535,0.42604825528898044,-127.88041457205087
Line 1,40,0,0,5,2,zpar show f1 0 0 5 2,0.475,-8.956,-0.878,-36.456,-0.618,-35.401,0.011,14.506,0.011,14.506,14.506004170687392,89.95655222295332,25.0227585786234,-20.115575524081798,-0.24352939359364079,-0.3334229493445469,0.41288912397119726,-126.14408647880532
Line 1,42,0,0,5,6,zpar show f1 0 0 5 6,0.496,-8.119,-0.852,-37.137,-0.632,-36.08,0.017,15.051,0.017,15.051,15.051009600687923,89.93528484236823,26.155097489667156,-20.438483910766962,-0.22488417675931166,-0.32873407512405833,0.3982950980170147,-124.37569818321559
Line 1,44,0,0,5,9,zpar show f1 0 0 5 9,0.534,-7.398,-0.851,-37.713,-0.658,-36.664,0.043,15.519,0.043,15.519,15.51905957202304,89.84124542727135,27.121444843843236,-20.714058847587275,-0.2094086684213614,-0.3248352307090131,0.386484045621272,-122.80830514645302
Line 1,46,0,0,5,12,zpar show f1 0 0 5 12,0.547,-6.657,-0.831,-38.304,-0.665,-37.265,0.053,15.999,0.053,15.999,15.99908778649583,89.81019656190536,28.135150841063815,-20.93475506337253,-0.19411253518582555,-0.3199386341887008,0.3742197295210391,-121.24594310116873
Line 1,48,0,0,6,3,zpar show f1 0 0 6 3,0.615,-5.62,-0.846,-39.117,-0.716,-38.109,0.1,16.676,0.1,16.676,16.676299829398605,89.6564218472778,29.550395216250237,-21.270172463608915,-0.17319102705688252,-0.3136876367543283,0.3583225715825522,-118.90366041399163
Line 1,50,0,0,6,6,zpar show f1 0 0 6 6,0.623,-4.965,-0.828,-39.63,-0.723,-38.64,0.107,17.102,0.107,17.102,17.102334723656885,89.64152915357832,30.460785954973616,-21.40391115836207,-0.16070435396765556,-0.3087667188256201,0.3480844380872277,-117.49570364122908
Line 1,52,0,0,6,9,zpar show f1 0 0 6 9,0.654,-4.229,-0.831,-40.204,-0.748,-39.239,0.134,17.585,0.134,17.585,17.585510541351937,89.56340711653401,31.481792998044572,-21.56472256289731,-0.1469330593980835,-0.303543801800339,0.3372360650278737,-115.82971330836595
Line 1,54,0,0,7,0,zpar show f1 0 0 7 0,0.703,-3.095,-0.839,-41.088,-0.787,-40.172,0.179,18.339,0.179,18.339,18.33987355463499,89.44077545897274,33.07492987477581,-21.76641905110719,-0.12640597739494217,-0.2951290426920321,0.32106015473970906,-113.1858129861535
Line 1,56,0,0,7,3,zpar show f1 0 0 7 3,0.728,-2.438,-0.838,-41.593,-0.809,-40.704,0.207,18.767,0.207,18.767,18.768141570224795,89.36805320940535,33.98779156529681,-21.834169809145024,-0.11527498729927099,-0.28993622766771326,0.3120117606934571,-111.68214447734555
Line 1,58,0,0,7,6,zpar show f1 0 0 7 6,0.736,-1.765,-0.824,-42.11,-0.819,-41.251,0.225,19.206,0.225,19.206,19.207317902299636,89.3288055462191,34.92700725532551,-21.855443951072782,-0.10434550298641562,-0.28419653562707403,0.3027468494566357,-110.1611983038189
Line 1,60,0,0,7,10,zpar show f1 0 0 7 10,0.768,-0.754,-0.825,-42.881,-0.853,-42.082,0.272,19.879,0.272,19.879,19.88086077110345,89.21608332557328,36.33630096722501,-21.88781138140412,-0.08831388090126657,-0.27590722189932243,0.2896966286584037,-107.74911146392952
Line 1,62,0,0,8,0,zpar show f1 0 0 8 0,0.806,0.187,-0.838,-43.601,-0.893,-42.854,0.314,20.508,0.314,20.508,20.510403701536447,89.12280724109888,37.65783484996178,-21.885131599037628,-0.07386245249047407,-0.2681063379245622,0.27809471466251756,-105.40271399230103
Line 1,64,0,0,8,4,zpar show f1 0 0 8 4,0.832,1.074,-0.842,-44.278,-0.923,-43.586,0.359,21.103,0.359,21.103,21.10605339707071,89.02538971046951,38.89208344107613,-21.823231499843075,-0.06101086179064949,-0.2604808523365738,0.2675305584235672,-103.1824081584222
Line 1,66,0,0,8,7,zpar show f1 0 0 8 7,0.846,1.782,-0.843,-44.817,-0.942,-44.172,0.393,21.58,0.393,21.58,21.583578225122913,88.95668431185707,39.87110289047795,-21.736731469446397,-0.05120999696745331,-0.2542515746126455,0.2593575273293918,-101.38784835728742
Line 1,68,0,0,8,10,zpar show f1 0 0 8 10,0.868,2.559,-0.853,-45.406,-0.97,-44.815,0.44,22.106,0.44,22.106,22.11037846804075,88.85972973024947,40.934520899104605,-21.625531385231447,-0.040827694798978596,-0.24752373199906572,0.2508682892781466,-99.36629316947948
Line 1,70,0,0,9,1,zpar show f1 0 0 9 1,0.92,3.76,-0.88,-46.314,-1.03,-45.815,0.529,22.923,0.529,22.923,22.929103122451167,88.67800512386069,42.569980877298406,-21.414614749416423,-0.02538950033882977,-0.23720779576435708,0.23856270684840994,-96.10938525707078
Line 1,72,0,0,9,4,zpar show f1 0 0 9 4,0.937,4.447,-0.888,-46.834,-1.055,-46.385,0.567,23.389,0.567,23.389,23.3958716443735,88.61129824832953,43.496943111486814,-21.241707640853964,-0.017057293385638096,-0.23106673823907872,0.23169546559674115,-94.22190346842726
Line 1,74,0,0,9,7,zpar show f1 0 0 9 7,0.951,5.173,-0.896,-47.383,-1.08,-46.991,0.61,23.885,0.61,23.885,23.892788137846118,88.53703873744188,44.46437483243248,-21.03290994702903,-0.008598859454847205,-0.2245689872104744,0.2247335542384858,-92.19281295652156
Line 1,76,0,0,9,11,zpar show f1 0 0 9 11,0.977,6.232,-0.913,-48.182,-1.122,-47.883,0.683,24.616,0.683,24.616,24.62547349798578,88.41066867681839,45.8590686898224,-20.693906511739936,0.003253748665342084,-0.21517602896591276,0.2152006280704509,-89.13367739010343
Line 1,78,0,0,10,1,zpar show f1 0 0 10 1,1.028,7.177,-0.948,-48.905,-1.182,-48.675,0.757,25.272,0.757,25.272,25.28333508459673,88.28426954790683,47.11149286966115,-20.379355972278894,0.01369200235961432,-0.20698190490384918,0.20743427847451287,-86.21535684496067
Line 1,80,0,0,10,4,zpar show f1 0 0 10 4,1.048,7.869,-0.965,-49.43,-1.216,-49.26,0.813,25.755,0.813,25.755,25.767828662888924,88.19196249795986,47.99626722079308,-20.10788969275166,0.02078110497092679,-0.20092628101782326,0.20199808099946387,-84.09509250622534
Line 1,82,0,0,10,8,zpar show f1 0 0 10 8,1.076,8.871,-0.989,-50.191,-1.264,-50.108,0.893,26.455,0.893,26.455,26.47006751030303,88.06669017715875,49.2570857301514,-19.67135241369935,0.03059133762168033,-0.1921231042626112,0.19454335539664624,-80.95286816519985
Line 1,84,0,0,10,11,zpar show f1 0 0 10 11,1.096,9.686,-1.007,-50.812,-1.302,-50.8,0.955,27.024,0.955,27.024,27.04086908736478,87.97606909918653,50.26596601868079,-19.277937247322466,0.038207186360250826,-0.18492198542043975,0.1888277780979384,-78.3262407819924
Line 1,86,0,0,11,1,zpar show f1 0 0 11 1,1.157,10.663,-1.066,-51.551,-1.38,-51.628,1.064,27.708,1.064,27.708,27.72842152016591,87.8008961031474,51.45709728117158,-18.825322189277223,0.047166478748877784,-0.1767978634415823,0.18298131389591868,-75.06241627795505
Line 1,88,0,0,11,5,zpar show f1 0 0 11 5,1.185,11.623,-1.093,-52.278,-1.434,-52.446,1.145,28.381,1.145,28.381,28.404087487543055,87.68971814111502,52.588433456875094,-18.29693635011248,0.05528244921514305,-0.16849303876748375,0.17733035077032258,-71.83537250392874
Line 1,90,0,0,11,8,zpar show f1 0 0 11 8,1.213,12.409,-1.122,-52.877,-1.482,-53.119,1.218,28.938,1.218,28.938,28.963621458650504,87.58984405094422,53.499453249280194,-17.848454724202803,0.06171490271198948,-0.16180702942462882,0.17317691528599596,-69.1226228427575
Line 1,92,0,0,11,12,zpar show f1 0 0 11 12,1.243,13.524,-1.156,-53.728,-1.544,-54.077,1.318,29.731,1.318,29.731,29.760199680109675,87.46169226849169,54.74966626634082,-17.162751859507495,0.07030108346661497,-0.1523268987601792,0.16776688118479718,-65.22598784765742
Line 1,94,0,0,12,2,zpar show f1 0 0 12 2,1.316,14.463,-1.228,-54.449,-1.634,-54.884,1.431,30.401,1.431,30.401,30.43466053696016,87.30502987996691,55.81302199154234,-16.606877247890953,0.07765581480825641,-0.14475776587317957,0.16427183676494425,-61.78850934443282
Line 1,96,0,0,12,5,zpar show f1 0 0 12 5,1.344,15.197,-1.261,-55.011,-1.683,-55.514,1.507,30.921,1.507,30.921,30.95770162657428,87.20977743430738,56.590210514652355,-16.11672835434126,0.08279687509269155,-0.13868359522427237,0.16151923139194477,-59.16195520338511
Line 1,98,0,0,12,9,zpar show f1 0 0 12 9,1.39,16.288,-1.314,-55.846,-1.762,-56.458,1.62,31.701,1.62,31.701,31.742366027125325,87.07458783012184,57.72166692980893,-15.367517034504672,0.09019769933085307,-0.12979192350109925,0.1580555863318161,-55.20298784726544
Line 1,100,0,0,12,12,zpar show f1 0 0 12 12,1.416,17.157,-1.349,-56.511,-1.815,-57.21,1.703,32.323,1.703,32.323,32.367831839652155,86.98404924480752,58.57975245857528,-14.734340586782153,0.09567089114399216,-0.12271802790772775,0.15560409308834855,-52.06004524875339
Line 2,0,0,0,12,12,zpar show f1 0 0 12 12,1.416,17.157,-1.349,-56.511,-1.815,-57.21,1.703,32.323,1.703,32.323,32.367831839652155,86.98404924480752,58.57975245857528,-14.734340586782153,0.09567089114399216,-0.12271802790772775,0.15560409308834855,-52.06004524875339
Line 2,2,0,3,12,12,zpar show f1 0 3 12 12,1.48,17.635,-1.492,-58.119,-1.965,-58.778,1.991,37.65,1.991,37.65,37.70260708492186,86.9729153284723,61.48242799242397,-18.741234714624962,0.12765088249002451,-0.14665001344841025,0.1944247264236238,-48.96219710237896
Line 2,4,0,7,12,12,zpar show f1 0 7 12 12,1.549,18.332,-1.622,-60.465,-2.108,-61.069,2.149,45.417,2.149,45.417,45.467813780739455,87.29095135615795,66.00442240809357,-24.3054769853012,0.17421539919174198,-0.17302002969466881,0.24553398133676343,-44.80275815516613
Line 2,6,0,10,12,12,zpar show f1 0 10 12 12,1.612,18.923,-1.756,-62.458,-2.252,-63.022,2.361,52.035,2.361,52.035,52.088535648451476,87.40208287071593,69.88651828170478,-28.975197147129457,0.21191267302231534,-0.19047167267528703,0.2849323412306585,-41.94988596384254
Line 2,8,1,0,12,12,zpar show f1 1 0 12 12,1.683,19.586,-1.895,-64.759,-2.393,-65.291,2.541,59.761,2.541,59.761,59.81499646409753,87.5652861494747,74.54556562175699,-34.28088446576294,0.25362719264681266,-0.20543742243675722,0.3263913102203581,-39.007390215100095
Line 2,10,1,4,12,12,zpar show f1 1 4 12 12,1.786,20.449,-2.12,-67.606,-2.632,-68.103,2.932,69.208,2.932,69.208,69.27007931278843,87.57411238236332,80.30834111238114,-40.58842096886626,0.30045869712269024,-0.21789301163619568,0.3711506341050165,-35.94966782936376
Line 2,12,1,7,12,12,zpar show f1 1 7 12 12,1.857,21.167,-2.258,-69.98,-2.781,-70.455,3.092,77.098,3.092,77.098,77.15997711249013,87.70339488063203,85.32782864070444,-45.569413438344284,0.336309219868538,-0.22348691957014777,0.40379486696531736,-33.60515386529767
Line 2,14,1,11,12,12,zpar show f1 1 11 12 12,1.973,22.254,-2.498,-73.589,-3.043,-74.049,3.442,89.153,3.442,89.153,89.21941925948633,87.78903486064425,93.08160752512774,-52.94148079488221,0.3852601285391559,-0.22745927769281665,0.44739589811546643,-30.557789559772242
Line 2,16,2,1,12,12,zpar show f1 2 1 12 12,2.07,23.108,-2.73,-76.531,-3.287,-76.987,3.901,99.144,3.901,99.144,99.22071626933561,87.74675624800166,99.45846435483519,-58.945823590412445,0.42098287181645044,-0.22836205122985773,0.47893194172526654,-28.477606404154507
Line 2,18,2,4,12,12,zpar show f1 2 4 12 12,2.171,23.986,-2.946,-79.46,-3.524,-79.911,4.282,108.965,4.282,108.965,109.04910246764987,87.74960441207818,105.94303394549176,-64.46432429662829,0.4523295043261713,-0.226398111846108,0.5058241646377155,-26.58869370395749
Line 2,20,2,8,12,12,zpar show f1 2 8 12 12,2.314,25.317,-3.257,-83.902,-3.865,-84.358,4.82,123.894,4.82,123.894,123.98772373102106,87.77207568963193,115.96530316260981,-72.32988717510815,0.49363917197702917,-0.22067878564299237,0.5407205919354586,-24.08677885530151
Line 2,22,2,11,12,12,zpar show f1 2 11 12 12,2.427,26.467,-3.498,-87.736,-4.127,-88.205,5.198,136.799,5.198,136.799,136.89771950255417,87.82395884800347,124.78123136223914,-78.58251681701,0.5240640915377711,-0.21398316763794262,0.5660671056258941,-22.210924571717097
Line 2,24,3,1,12,12,zpar show f1 3 1 12 12,2.585,27.698,-3.884,-91.933,-4.534,-92.402,6.038,151.053,6.038,151.053,151.17362948940533,87.7109502161966,134.38674091584926,-85.38241297295808,0.553420019545223,-0.20679402503267408,0.5907939461628303,-20.488986487040133
Line 2,26,3,5,12,12,zpar show f1 3 5 12 12,2.765,29.411,-4.302,-97.659,-5.004,-98.166,6.878,170.409,6.878,170.409,170.54774746387005,87.68869845017467,147.70375898968177,-93.44470772423983,0.5865554657687015,-0.19541461355544826,0.6182509083003143,-18.425816309790854
Line 2,28,3,8,12,12,zpar show f1 3 8 12 12,2.94,30.929,-4.726,-102.709,-5.476,-103.251,7.826,187.437,7.826,187.437,187.60030715593192,87.60913543663966,159.40542800975538,-99.84876950884566,0.6109181854877052,-0.18552212703632362,0.638466513593056,-16.89235728988084
Line 2,30,3,11,12,12,zpar show f1 3 11 12 12,3.119,32.687,-5.134,-108.545,-5.938,-109.129,8.653,207.076,8.653,207.076,207.25671083224302,87.60719678668706,172.98454224543872,-106.13152681519902,0.6343676968234949,-0.1740260297790845,0.6578050120011373,-15.340550879731898
Line 2,32,4,2,12,12,zpar show f1 4 2 12 12,3.475,35.307,-6.035,-117.31,-6.942,-117.962,10.949,236.718,10.949,236.718,236.9710786678408,87.35176582228567,193.01604313185996,-114.73783690797246,0.6635132019582209,-0.15886921232790802,0.6822676863215352,-13.465196180183925
Line 2,34,4,5,12,12,zpar show f1 4 5 12 12,3.704,37.37,-6.59,-124.244,-7.561,-124.957,12.224,260.246,12.224,260.246,260.53292822981126,87.31073979538344,208.78184478503866,-119.92906321027962,0.6818947887903213,-0.14742170191411566,0.6976486660022014,-12.19926390969432
Line 2,36,4,8,12,12,zpar show f1 4 8 12 12,4.037,39.817,-7.438,-132.45,-8.498,-133.233,14.376,288.042,14.376,288.042,288.4005255543061,87.14277352336262,226.96183129702803,-125.0238925058467,0.7000591926292596,-0.13539687791354776,0.7130323889792575,-10.946295848209795
Line 2,38,4,12,12,12,zpar show f1 4 12 12 12,4.534,43.834,-8.637,-145.89,-9.849,-146.791,17.261,333.502,17.261,333.502,333.9483884150364,87.03719683200228,255.60832028557152,-129.9158189328786,0.7228659944610653,-0.11781122729281744,0.7324033937827055,-9.256564947279882
Line 2,40,5,2,12,12,zpar show f1 5 2 12 12,5.152,47.465,-10.321,-158.064,-11.701,-159.07,22.091,374.714,22.091,374.714,375.3646148440207,86.62607286688268,279.93518236418197,-132.91047672324524,0.7392278902274633,-0.10504895288110669,0.7466546431862348,-8.087939158315375
Line 2,42,5,6,12,12,zpar show f1 5 6 12 12,5.884,52.747,-12.207,-175.811,-13.8,-176.97,27.091,434.878,27.091,434.878,435.7210084044606,86.43532961584694,312.78312737180585,-132.4735207525468,0.7567839194525614,-0.08881253857413601,0.7619774063251241,-6.693343034224466
Line 2,44,5,9,12,12,zpar show f1 5 9 12 12,6.822,57.852,-14.803,-192.963,-16.607,-194.268,34.569,493.041,34.569,493.041,494.2513970056129,85.98933610804768,341.4937421356034,-129.99278069783384,0.7699335036337019,-0.07639198380265337,0.7737139879871453,-5.666281192249455
Line 2,46,5,12,12,12,zpar show f1 5 12 12 12,7.841,64.295,-17.525,-214.596,-19.589,-216.092,42.133,566.343,42.133,566.343,567.908076485975,85.74532707694723,373.0613286018621,-122.68480095693144,0.7819636186379394,-0.06322901253389634,0.7845157798918722,-4.6228377426832274
Line 2,48,6,3,12,12,zpar show f1 6 3 12 12,10.362,74.858,-24.819,-250.37,-27.369,-252.17,64.145,688.405,64.145,688.405,691.3870298537571,84.67659840987885,417.6900446261793,-109.20766384210776,0.7972385965477229,-0.04734567143944459,0.7986432197354678,-3.3986372631867647
Line 2,50,6,6,12,12,zpar show f1 6 6 12 12,12.553,84.75,-31.072,-283.859,-34.048,-285.915,82.742,802.545,82.742,802.545,806.7990552727488,84.11363055576975,449.7750858321976,-92.6873101375611,0.8065631921681675,-0.03587441212615524,0.8073606111310494,-2.546729875691856
Line 2,52,6,9,12,12,zpar show f1 6 9 12 12,16.691,99.036,-43.295,-331.951,-46.969,-334.348,120.444,965.611,120.444,965.611,973.0937058973303,82.89002087416395,484.71105501270546,-69.00249031077783,0.8160464763117075,-0.02373852404385624,0.8163916762342294,-1.666245521436073
Line 2,54,7,0,12,12,zpar show f1 7 0 12 12,27.867,130.558,-77.12,-438.443,-82.34,-441.56,226.566,1327.688,226.566,1327.688,1346.880684284989,80.31592832764713,532.1116170659157,-22.084217914796,0.8284585397875192,-0.006507959775566133,0.8284841010467907,-0.45007799518547037
Line 2,56,7,3,12,12,zpar show f1 7 3 12 12,42.872,162.525,-123.72,-546.977,-130.738,-550.652,376.149,1697.835,376.149,1697.835,1739.0030929891989,77.50810459218418,558.1417027535674,14.882732747408681,0.8356630614376999,0.004021731655757076,0.8356727389217263,0.2757408839251096
Line 2,58,7,6,12,12,zpar show f1 7 6 12 12,74.556,216.059,-223.659,-729.471,-233.924,-733.822,700.586,2321.757,700.586,2321.757,2425.154904422602,73.2089059190235,578.2526060615276,59.008536526813714,0.8422202699114594,0.014819438672107398,0.8423506388745057,1.008054197689089
Line 2,60,7,10,12,12,zpar show f1 7 10 12 12,254.952,349.084,-812.166,-1194.565,-833.691,-1196.758,2654.864,3937.241,2654.864,3937.241,4748.701880575049,56.008388228537285,596.1149959972595,127.12282862471648,0.8509967618092469,0.029316318659056873,0.8515015767158294,1.9730243526534677
Line 2,62,8,0,12,12,zpar show f1 8 0 12 12,753.073,-27.685,-2520.293,9.752,-2545.397,40.083,8517.974,-7.625,8517.974,-7.625,8517.977412819371,-0.05128921526332075,598.8203941587781,187.6274136032613,0.8577684590520023,0.041130852854092764,0.8587540255515264,2.7452869655477277
Line 2,64,8,4,12,12,zpar show f1 8 4 12 12,203.148,-339.675,-716.264,1114.663,-709.833,1134.73,2502.339,-3873.717,2502.339,-3873.717,4611.657388294365,-57.13839759375103,587.6399855094314,253.67483101259086,0.8646014679367426,0.05386613217654247,0.8662778183435329,3.565016090894094
Line 2,66,8,7,12,12,zpar show f1 8 7 12 12,77.926,-236.553,-285.974,783.954,-279.088,795.557,1023.926,-2788.085,1023.926,-2788.085,2970.1586524461954,-69.83420823710354,569.1337598799036,300.87931027969944,0.8693410860930221,0.06349607539710293,0.8716568565440358,4.177426396176713
Line 2,68,8,10,12,12,zpar show f1 8 10 12 12,38.545,-172.747,-147.113,575.191,-141.258,583.071,539.117,-2093.63,539.117,-2093.63,2161.928240388427,-75.55984816650412,543.774439607103,344.29842280155026,0.8739625387776097,0.0730824640102299,0.8770128652034765,4.780064570145428
Line 2,70,9,1,12,12,zpar show f1 9 1 12 12,18.991,-122.981,-76.019,410.67,-71.38,415.992,286.271,-1541.608,286.271,-1541.608,1567.9624712042696,-79.48020830446038,498.4702613795818,394.4783080485554,0.8798354750855192,0.0864263786271486,0.8840701228644504,5.610175229346271
Line 2,72,9,4,12,12,zpar show f1 9 4 12 12,13.265,-103.103,-54.725,344.917,-50.638,349.337,209.674,-1321.271,209.674,-1321.271,1337.8042613615041,-80.98285830030053,466.1649612396071,420.2869235147082,0.8835019228051261,0.09485846993958158,0.888579640167179,6.128169113434628
Line 2,74,9,7,12,12,zpar show f1 9 7 12 12,9.555,-88.21,-40.682,295.565,-37.03,299.332,158.634,-1155.658,158.634,-1155.658,1166.4948173566822,-82.18401183166971,431.4742861039666,440.33458441758205,0.8869014152331265,0.10343484534661967,0.8929125867487824,6.652067715766062
Line 2,76,9,11,12,12,zpar show f1 9 11 12 12,6.436,-73.224,-28.556,245.781,-25.363,248.917,113.82,-988.238,113.82,-988.238,994.7709972873154,-83.42992573999217,383.53606484696996,458.5211893913662,0.8911247387849085,0.11514985330058013,0.8985336881773641,7.362878475733349
Line 2,78,10,1,12,12,zpar show f1 10 1 12 12,5.071,-64.29,-22.973,216.046,-20.07,218.813,92.643,-888.061,92.643,-888.061,892.8802076258606,-84.04441562396164,347.0936203615058,467.22294319835277,0.894384551451767,0.12426782548910267,0.902976311055483,7.910163666544628
Line 2,80,10,4,12,12,zpar show f1 10 4 12 12,4.18,-58.229,-19.321,195.876,-16.613,198.371,78.785,-820.031,78.785,-820.031,823.8069659732187,-84.51211552745414,317.99148094072996,470.4656654365393,0.8968505592453349,0.1318733525025993,0.9064940742878271,8.364858349698618
Line 2,82,10,8,12,12,zpar show f1 10 8 12 12,3.298,-51.444,-15.638,173.284,-13.163,175.483,64.735,-743.794,64.735,-743.794,746.605742451128,-85.02588149648125,280.9949946363775,470.55959037998787,0.8999966826000724,0.14216988424264856,0.911156575280398,8.97667295774675
Line 2,84,10,11,12,12,zpar show f1 10 11 12 12,2.795,-47.12,-13.498,158.88,-11.181,160.894,56.542,-695.162,56.542,-695.162,697.4576718396609,-85.35000163064448,254.92813027149285,467.8918369581031,0.9022365237024778,0.15001152065416387,0.9146224363264365,9.440000935233574
Line 2,86,11,1,12,12,zpar show f1 11 1 12 12,2.473,-43.32,-11.979,146.203,-9.777,148.056,50.352,-652.301,50.352,-652.301,654.2414833263022,-85.58601400655985,230.62612368518577,463.58757893319074,0.904439876975479,0.15786301536628514,0.918113404043289,9.900798446439135
Line 2,88,11,5,12,12,zpar show f1 11 5 12 12,2.082,-39.579,-10.246,133.775,-8.191,135.483,43.575,-610.545,43.575,-610.545,612.098013107378,-85.91768443456111,205.67639412144302,456.50662016501946,0.9066086144253785,0.16674901070823164,0.9218158234281285,10.421714440183637
Line 2,90,11,8,12,12,zpar show f1 11 8 12 12,1.881,-37.08,-9.308,125.491,-7.352,127.098,39.886,-582.791,39.886,-582.791,584.1542969772627,-86.08480337751112,188.34771482913447,450.6754504278081,0.9082988790258587,0.17339140016250082,0.9247007252565254,10.807554571630273
Line 2,92,11,12,12,12,zpar show f1 11 12 12 12,1.649,-34.098,-8.233,115.624,-6.396,117.109,35.696,-549.791,35.696,-549.791,550.9485893411472,-86.28520012534445,167.20354800339774,441.9384367268546,0.9104267111076559,0.18225245227092782,0.928489500563722,11.320044345368947
Line 2,94,12,2,12,12,zpar show f1 12 2 12 12,1.552,-31.995,-7.676,108.502,-5.897,109.914,33.229,-525.276,33.229,-525.276,526.3259851242383,-86.38028795628097,151.60599001651502,433.83240382310106,0.9119068740976841,0.18956605687837963,0.9314018665146783,11.74332413880439
Line 2,96,12,5,12,12,zpar show f1 12 5 12 12,1.438,-30.364,-7.123,103.061,-5.409,104.401,31.013,-506.832,31.013,-506.832,507.77995469789863,-86.4984427396683,139.75098564245326,426.85233713505517,0.913041374480229,0.19561686286630645,0.9337614837582461,12.092665527682003
Line 2,98,12,9,12,12,zpar show f1 12 9 12 12,1.316,-28.353,-6.515,96.375,-4.888,97.628,28.582,-484.299,28.582,-484.299,485.1416825268676,-86.6224777930208,125.13541652734236,417.51684383370844,0.9145650592703195,0.20367397705082257,0.9369697628876943,12.554911695133365
Line 2,100,12,12,12,12,zpar show f1 12 12 12 12,1.222,-26.963,-6.065,91.765,-4.499,92.958,26.815,-468.798,26.815,-468.798,469.5642757163283,-86.7262786178301,115.18454834392472,410.3271152364336,0.9155732492585629,0.20972049400402318,0.9392853987809956,12.901559452020667
Line 3,100,12,12,12,12,zpar show f1 12 12 12 12,1.222,-26.963,-6.065,91.765,-4.499,92.958,26.815,-468.798,26.815,-468.798,469.5642757163283,-86.7262786178301,115.18454834392472,410.3271152364336,0.9155732492585629,0.20972049400402318,0.9392853987809956,12.901559452020667
Line 3,98,12,12,12,9,zpar show f1 12 12 12 9,1.664,-29.65,-8.34,104.861,-6.61,106.225,37.734,-533.538,37.734,-533.538,534.8706873628429,-85.95454302552886,143.43956836575407,455.0716686518411,0.9208865534641612,0.18611646227306292,0.9395059243454199,11.425895221036994
Line 3,96,12,12,12,5,zpar show f1 12 12 12 5,2.562,-34.526,-12.941,128.635,-10.921,130.317,59.895,-651.081,59.895,-651.081,653.8301611167842,-84.74397355105361,200.16798807531538,526.9678503248801,0.9264815381017718,0.1548634024831239,0.9393352510536772,9.489385724487724
Line 3,94,12,12,12,2,zpar show f1 12 12 12 2,3.775,-39.475,-19.096,152.761,-16.805,154.782,89.76,-770.377,89.76,-770.377,775.5885376467344,-83.35418321220462,261.0237669614729,590.2942845039665,0.9301357691153115,0.13259583531314392,0.9395393576269823,8.113156324688873
Line 3,92,12,12,11,12,zpar show f1 12 12 11 12,6.46,-49.688,-32.712,202.581,-29.866,205.277,155.911,-1016.753,155.911,-1016.753,1028.6374010942827,-81.28205449460305,394.5058714658691,681.8010445705994,0.9328985080184948,0.10292297641505688,0.938558876862431,6.295753900057628
Line 3,90,12,12,11,8,zpar show f1 12 12 11 8,19.564,-75.262,-97.903,326.998,-93.987,331.854,475.055,-1632.656,475.055,-1632.656,1700.3655099304383,-73.77655375560526,705.5468337324423,790.5153763184691,0.936814803207862,0.06610956116796014,0.93914453072315,4.036582173753673
Line 3,88,12,12,11,5,zpar show f1 12 12 11 5,66.588,-115.593,-329.566,522.016,-325.295,532.042,1614.723,-2600.789,1614.723,-2600.789,3061.279763309783,-58.165553754878744,1103.5223653508097,735.4639472507922,0.9383644466054933,0.03929765798405205,0.9391869572008895,2.3980821401080887
Line 3,86,12,12,11,1,zpar show f1 12 12 11 1,190.798,71.861,-928.16,-399.833,-942.627,-390.914,4590.199,1938.266,4590.199,1938.266,4982.650092707394,22.8924794381294,1586.1832553048444,163.20642348995352,0.9394842659540704,0.006036338830924681,0.9395036579820966,0.3681296133133762
Line 3,84,12,12,10,11,zpar show f1 12 12 10 11,33.016,70.039,-157.127,-383.912,-163.59,-385.357,783.021,1876.408,783.021,1876.408,2033.2311400588471,67.349328169803,1280.1046196531968,-631.4067131482443,0.9386441432493241,-0.02912590428671674,0.9390959194655127,-1.7773041198771438
Line 3,82,12,12,10,8,zpar show f1 12 12 10 8,13.268,41.723,-61.871,-244.626,-65.433,-245.965,309.496,1190.654,309.496,1190.654,1230.2214116702733,75.429121149837,779.2332875774702,-804.0608797616576,0.9378451883720884,-0.060268025014962624,0.9397796721529372,-3.676898817782243
Line 3,80,12,12,10,4,zpar show f1 12 12 10 4,6.373,25.47,-28.895,-164.877,-31.034,-165.867,144.925,797.559,144.925,797.559,810.6192781485029,79.70111512517057,406.15264874642884,-702.9747303832136,0.9350440033686316,-0.10010338500542716,0.940387141514165,-6.110663068981708
Line 3,78,12,12,10,1,zpar show f1 12 12 10 1,4.376,19.051,-19.417,-133.415,-21.041,-134.224,97.475,642.405,97.475,642.405,649.7580777874177,81.37206664200833,271.31466660131446,-607.0639620502008,0.9318916370400272,-0.12867801244359703,0.9407337849102563,-7.8618345963903495
Line 3,76,12,12,9,11,zpar show f1 12 12 9 11,2.841,13.386,-12.193,-105.678,-13.378,-106.289,61.325,505.582,61.325,505.582,509.2876538352368,83.08404491054323,170.990020989223,-497.09948743693167,0.9253272053997803,-0.1679705162934153,0.940449111540249,-10.288614780259227
Line 3,74,12,12,9,7,zpar show f1 12 12 9 7,2.022,9.143,-8.386,-84.922,-9.246,-85.37,42.05,403.158,42.05,403.158,405.34500794261675,84.04549236711628,107.95525826915569,-405.8593121773544,0.9167217333113729,-0.21397996121138646,0.9413639891802927,-13.138658804690506
Line 3,72,12,12,9,4,zpar show f1 12 12 9 4,1.679,7.037,-6.801,-74.62,-7.505,-74.978,34.005,352.27,34.005,352.27,353.9074637882055,84.48626088066716,81.49892769010168,-357.5916477068925,0.9094133875573593,-0.24633673120049232,0.942186019110396,-15.156255805254812
Line 3,70,12,12,9,1,zpar show f1 12 12 9 1,1.429,5.438,-5.651,-66.804,-6.237,-67.091,28.159,313.64,28.159,313.64,314.9015383909707,84.8696668455809,64.06981494840434,-319.6980900807185,0.9009972127987311,-0.2774704420729508,0.9427543814245791,-17.116700745099553
Line 3,68,12,12,8,10,zpar show f1 12 12 8 10,1.106,3.271,-4.16,-56.224,-4.582,-56.41,20.576,261.372,20.576,261.372,262.1806517651522,85.49878487918247,44.28421014618019,-267.10125554488985,0.8824863978280751,-0.33290866662677815,0.9431916150320628,-20.668453227787854
Line 3,66,12,12,8,7,zpar show f1 12 12 8 7,0.964,2.162,-3.526,-50.81,-3.868,-50.942,17.348,234.63,17.348,234.63,235.2704613928404,85.77137691806527,35.39450693361343,-239.97556799105814,0.8683818505520555,-0.36987320737453355,0.9438714043246237,-23.070795570493303
Line 3,64,12,12,8,4,zpar show f1 12 12 8 4,0.869,1.297,-3.107,-46.588,-3.388,-46.682,15.203,213.786,15.203,213.786,214.32588505591198,85.93236310441637,28.98045632530869,-218.78437526502768,0.8540224307955628,-0.40437359781201937,0.9449192129009752,-25.33722494949382
Line 3,62,12,12,8,0,zpar show f1 12 12 8 0,0.761,0.373,-2.622,-42.083,-2.84,-42.138,12.736,191.543,12.736,191.543,191.965951525264,86.19591164013573,23.160096110459452,-195.94220209896218,0.832760662643571,-0.44791144054422644,0.9455765330299624,-28.274179215203336
Line 3,60,12,12,7,10,zpar show f1 12 12 7 10,0.672,-0.446,-2.211,-38.093,-2.371,-38.108,10.664,171.839,10.664,171.839,172.16957575890115,86.44888741779035,18.623812880302268,-175.64287722073902,0.8070177386008811,-0.4939387396592105,0.946178159202911,-31.46889885318917
Line 3,58,12,12,7,6,zpar show f1 12 12 7 6,0.593,-1.192,-1.858,-34.462,-1.964,-34.443,8.862,153.904,8.862,153.904,154.15893182037814,86.70447071716838,15.010368925108965,-157.14512627276963,0.7752134900538864,-0.5433610833771776,0.9466769364943604,-35.027305049499404
Line 3,56,12,12,7,3,zpar show f1 12 12 7 3,0.566,-1.628,-1.732,-32.346,-1.808,-32.311,8.219,143.464,8.219,143.464,143.69923888803308,86.7211298441291,12.760616615648372,-146.47000873589585,0.7528365995551138,-0.5768271150690034,0.948415766585803,-37.45951388877813
Line 3,54,12,12,7,0,zpar show f1 12 12 7 0,0.53,-2.013,-1.554,-30.478,-1.603,-30.43,7.325,134.247,7.325,134.247,134.44669067701147,86.87683279867025,11.2624207862522,-136.94683691212302,0.7278135491668293,-0.6084492420238259,0.9486427370038654,-39.895489635238114
Line 3,52,12,12,6,9,zpar show f1 12 12 6 9,0.47,-2.606,-1.301,-27.594,-1.316,-27.528,6.091,120.075,6.091,120.075,120.22938869511066,87.09606732269621,9.092095949770549,-122.33009347961038,0.6798309123352164,-0.6628012392149145,0.9494606637830548,-44.27331095448074
Line 3,50,12,12,6,6,zpar show f1 12 12 6 6,0.437,-2.944,-1.145,-25.951,-1.14,-25.876,5.328,111.99,5.328,111.99,112.11666996481834,87.27616837687903,8.075983915201252,-113.98086997652184,0.6451090425033448,-0.696514761443098,0.9493674155076727,-47.19427430555708
Line 3,48,12,12,6,3,zpar show f1 12 12 6 3,0.424,-3.219,-1.084,-24.623,-1.058,-24.542,5.007,105.453,5.007,105.453,105.57180143390563,87.28158824035157,7.039434757229667,-107.29728222292081,0.6137163269400617,-0.7266409364473112,0.9511334188607958,-49.81577584086728
Line 3,46,12,12,5,12,zpar show f1 12 12 5 12,0.376,-3.615,-0.876,-22.699,-0.83,-22.617,4.008,96.034,4.008,96.034,96.11760098962104,87.61013504140318,6.211835160730579,-97.55740331505001,0.5565916904921635,-0.7695490310930158,0.9497368167977503,-54.12291458620913
Line 3,44,12,12,5,9,zpar show f1 12 12 5 9,0.365,-3.869,-0.823,-21.466,-0.764,-21.382,3.758,89.989,3.758,89.989,90.06743409801348,87.60867992363787,5.367717685043011,-91.3852891452288,0.5150353004294247,-0.8004418666413308,0.9518237980638463,-57.241201480352025
Line 3,42,12,12,5,6,zpar show f1 12 12 5 6,0.344,-4.098,-0.723,-20.353,-0.651,-20.268,3.278,84.536,3.278,84.536,84.59953061335506,87.77938965126968,4.917773116873711,-85.77431652233263,0.47057996914869255,-0.8268842438833438,0.9514110889339653,-60.355788076998884
Line 3,40,12,12,5,2,zpar show f1 12 12 5 2,0.339,-4.346,-0.669,-19.151,-0.58,-19.071,3.0,78.652,3.0,78.652,78.70919326228672,87.81564291369905,4.249049518040892,-79.76696845020048,0.4170359820405303,-0.857181330203966,0.9532464755595743,-64.05614527066207
Line 3,38,12,12,4,12,zpar show f1 12 12 4 12,0.313,-4.559,-0.549,-18.119,-0.454,-18.045,2.452,73.632,2.452,73.632,73.6728153934679,88.092713024966,4.0352238681044685,-74.59217035873948,0.3630773818077921,-0.8792309356854743,0.951247719285968,-67.56187963477215
Line 3,36,12,12,4,8,zpar show f1 12 12 4 8,0.305,-4.798,-0.499,-16.958,-0.391,-16.895,2.207,67.987,2.207,67.987,68.0228124822842,88.14071225834914,3.4721496089228348,-68.83838832525629,0.29623337221241075,-0.9060073471576691,0.953206968037904,-71.89402806542205
Line 3,34,12,12,4,5,zpar show f1 12 12 4 5,0.295,-4.954,-0.446,-16.197,-0.331,-16.141,1.947,64.286,1.947,64.286,64.31547718084661,88.26523982401736,3.2331346200272684,-65.05498661920562,0.2466210995941631,-0.920686986308988,0.9531455783476944,-75.00442650371228
Line 3,32,12,12,4,2,zpar show f1 12 12 4 2,0.291,-5.087,-0.417,-15.544,-0.294,-15.492,1.798,61.101,1.798,61.101,61.12744886710061,88.31446143920788,2.9712270695950487,-61.810955100746945,0.2006207378322457,-0.9327780082836772,0.9541087428516828,-77.86180663620401
Line 3,30,12,12,3,11,zpar show f1 12 12 3 11,0.275,-5.297,-0.333,-14.517,-0.201,-14.48,1.399,56.138,1.399,56.138,56.155429345700846,88.57244276393807,2.7632149665539556,-56.73703488542657,0.12105958286820212,-0.9451371213946932,0.9528586468319791,-82.70091103193141
Line 3,28,12,12,3,8,zpar show f1 12 12 3 8,0.272,-5.428,-0.308,-13.872,-0.17,-13.844,1.27,53.017,1.27,53.017,53.032208977186684,88.62776606374918,2.5310119284005292,-53.56506315852957,0.06673307584190218,-0.9516378973325681,0.9539748377451434,-85.98873192770259
Line 3,26,12,12,3,5,zpar show f1 12 12 3 5,0.267,-5.545,-0.273,-13.294,-0.131,-13.275,1.095,50.216,1.095,50.216,50.227937256072934,88.7508177186607,2.3973438213255296,-50.7132681215541,0.014590594843781259,-0.9537378754082855,0.9538494747318392,-89.12353874306584
Line 3,24,12,12,3,1,zpar show f1 12 12 3 1,0.263,-5.678,-0.243,-12.632,-0.097,-12.625,0.934,47.013,0.934,47.013,47.02227690148574,88.86186333162436,2.22100002817069,-47.45949394133046,-0.04873314443051328,-0.9531097506237455,0.9543548166694311,-92.92702287880704
Line 3,22,12,12,2,11,zpar show f1 12 12 2 11,0.255,-5.803,-0.2,-12.004,-0.049,-12.008,0.717,43.984,0.717,43.984,43.989843657371644,89.06608231181788,2.134644203913874,-44.376760826521505,-0.11224892135684585,-0.9467409841631537,0.9533720739774121,-96.76162246435601
Line 3,20,12,12,2,8,zpar show f1 12 12 2 8,0.258,-5.904,-0.186,-11.503,-0.033,-11.516,0.635,41.556,0.635,41.556,41.560851302638156,89.12455509104919,1.9850611830397626,-41.917674565250024,-0.16570507676813162,-0.9399555359755585,0.954449884529215,-99.99796368119442
Line 3,18,12,12,2,4,zpar show f1 12 12 2 4,0.258,-6.02,-0.165,-10.918,-0.01,-10.939,0.506,38.71,0.506,38.71,38.71330696285194,89.25109756195748,1.8557467236326695,-39.034310045359426,-0.23093973143923693,-0.9265874307090618,0.9549332051537675,-103.99508282426768
Line 3,16,12,12,2,1,zpar show f1 12 12 2 1,0.257,-6.096,-0.151,-10.532,0.005,-10.558,0.421,36.828,0.421,36.828,36.830406256244316,89.34505070797364,1.777624422484619,-37.12843247249797,-0.27548596795401115,-0.9146189142318851,0.9552069287909667,-106.76245930464776
Line 3,14,12,12,1,11,zpar show f1 12 12 1 11,0.253,-6.192,-0.121,-10.044,0.033,-10.08,0.269,34.476,0.269,34.476,34.47704942421842,89.55295707359069,1.7330096158696993,-34.743044676894385,-0.33216331713445013,-0.8946591351979657,0.9543308846741433,-110.36863202816532
Line 3,12,12,12,1,7,zpar show f1 12 12 1 7,0.259,-6.297,-0.109,-9.517,0.043,-9.559,0.188,31.903,0.188,31.903,31.903553924288747,89.66236774388845,1.6105927565978697,-32.143414116891435,-0.3960685412805804,-0.8694806019682756,0.9554406347812728,-114.49036333172718
Line 3,10,12,12,1,4,zpar show f1 12 12 1 4,0.26,-6.363,-0.104,-9.176,0.046,-9.221,0.151,30.232,0.151,30.232,30.232377098071527,89.71382671464312,1.5214298445368613,-30.456739829127223,-0.4383141391371984,-0.8502551202565628,0.9565840549006059,-117.27151126997074
Line 3,8,12,12,1,0,zpar show f1 12 12 1 0,0.26,-6.443,-0.091,-8.76,0.055,-8.809,0.077,28.196,0.077,28.196,28.19610513883079,89.84353227212065,1.4480825681435165,-28.399979211631457,-0.4897529634799329,-0.822362099447687,0.957150660996159,-120.77566717344634
Line 3,6,12,12,0,10,zpar show f1 12 12 0 10,0.259,-6.519,-0.08,-8.364,0.061,-8.414,0.011,26.249,0.011,26.249,26.249002304849608,89.97598942673054,1.379605907568189,-26.43452654573565,-0.538934455387986,-0.7917733698908862,0.9577867280729646,-124.24184891231373
Line 3,4,12,12,0,7,zpar show f1 12 12 0 7,0.26,-6.581,-0.073,-8.043,0.062,-8.095,-0.027,24.672,-0.027,24.672,24.672014773828263,90.06270206830767,1.3132967452857571,-24.844042377980006,-0.5787342350923831,-0.7643660167636067,0.9587433037320406,-127.13092279287558
Line 3,2,12,12,0,3,zpar show f1 12 12 0 3,0.261,-6.651,-0.071,-7.678,0.057,-7.73,-0.041,22.868,-0.041,22.868,22.868036754387113,90.10272539981476,1.213072757024719,-23.026962582821756,-0.624254700790733,-0.7303145506915576,0.9607566155958226,-130.52299800266275
Line 3,0,12,12,0,0,zpar show f1 12 12 0 0,0.26,-6.7,-0.064,-7.423,0.059,-7.474,-0.08,21.607,-0.08,21.607,21.607148099645173,90.212136873056,1.1754800145981021,-21.75537344386424,-0.6549721638870526,-0.7035505569130455,0.961234581982746,-132.9520758424767
Line 4,100,12,12,0,0,zpar show f1 12 12 0 0,0.26,-6.7,-0.064,-7.423,0.059,-7.474,-0.08,21.607,-0.08,21.607,21.607148099645173,90.212136873056,1.1754800145981021,-21.75537344386424,-0.6549721638870526,-0.7035505569130455,0.961234581982746,-132.9520758424767
Line 4,98,12,9,0,0,zpar show f1 12 9 0 0,0.258,-6.794,-0.068,-7.521,0.058,-7.571,-0.082,21.51,-0.082,21.51,21.510156298827773,90.21842078850781,1.2056381766686175,-21.665052224926352,-0.6563942827933981,-0.7008186973078184,0.9602084674590654,-133.12525884562342
Line 4,96,12,5,0,0,zpar show f1 12 5 0 0,0.254,-6.919,-0.074,-7.649,0.056,-7.699,-0.087,21.379,-0.087,21.379,21.379177018772264,90.23315895514155,1.2480344722841905,-21.543326368225273,-0.6582570235112573,-0.6970876566832076,0.958766660925371,-133.35892448770676
Line 4,94,12,2,0,0,zpar show f1 12 2 0 0,0.251,-7.012,-0.077,-7.741,0.056,-7.791,-0.091,21.277,-0.091,21.277,21.277194598912708,90.24504789890479,1.279296557734919,-21.44783250844916,-0.6597520273348391,-0.6941999184360297,0.9576984203438056,-133.54256787393194
Line 4,92,11,12,0,0,zpar show f1 11 12 0 0,0.245,-7.117,-0.086,-7.85,0.052,-7.9,-0.105,21.168,-0.105,21.168,21.168260415064815,90.28420292462263,1.3257404002877646,-21.348066514498,-0.6609887250806553,-0.6908599370668651,0.9561346909969237,-133.73416606839382
Line 4,90,11,8,0,0,zpar show f1 11 8 0 0,0.238,-7.259,-0.091,-7.99,0.05,-8.041,-0.104,21.013,-0.104,21.013,21.013257362912587,90.28357266527019,1.367332083776794,-21.20396416133065,-0.6633362720735413,-0.6866099770135368,0.9546979995699963,-134.01229180625614
Line 4,88,11,5,0,0,zpar show f1 11 5 0 0,0.233,-7.364,-0.096,-8.096,0.049,-8.147,-0.105,20.901,-0.105,20.901,20.901263741697534,90.28783341657237,1.4009129310553567,-21.10049988595438,-0.6649228638449269,-0.6834646058875248,0.9535440641966835,-134.21217258833184
Line 4,86,11,1,0,0,zpar show f1 11 1 0 0,0.226,-7.502,-0.102,-8.238,0.047,-8.288,-0.109,20.759,-0.109,20.759,20.75928616306447,90.3008421683932,1.4489993405109118,-20.970171797575297,-0.6667705095532431,-0.6793613944001837,0.9519006337907615,-134.4641063602213
Line 4,84,10,11,0,0,zpar show f1 10 11 0 0,0.22,-7.622,-0.111,-8.361,0.042,-8.411,-0.114,20.632,-0.114,20.632,20.63231494525033,90.31657873180238,1.4926838394742683,-20.854796047096684,-0.6683633596103419,-0.6756955552285684,0.95040731469474,-134.6874395225472
Line 4,82,10,8,0,0,zpar show f1 10 8 0 0,0.215,-7.742,-0.116,-8.482,0.041,-8.531,-0.114,20.506,-0.114,20.506,20.506316880415167,90.31852392349543,1.5312656959348048,-20.73928924410821,-0.6700622788916701,-0.6721337849914527,0.9490770687991754,-134.9115714419759
Line 4,80,10,4,0,0,zpar show f1 10 4 0 0,0.209,-7.9,-0.123,-8.641,0.039,-8.69,-0.118,20.34,-0.118,20.34,20.340342278339367,90.33239066547868,1.5868958662671662,-20.587758597809053,-0.6721501423186276,-0.6673365956849346,0.9471662714430393,-135.20589581934246
Line 4,78,10,1,0,0,zpar show f1 10 1 0 0,0.207,-8.018,-0.129,-8.76,0.037,-8.809,-0.121,20.216,-0.121,20.216,20.216362110923914,90.34293166476708,1.629117064490387,-20.475159392345994,-0.6736628802318784,-0.6637439528356739,0.9457154493441647,-135.4249284835209
Line 4,76,9,11,0,0,zpar show f1 9 11 0 0,0.201,-8.159,-0.139,-8.899,0.032,-8.948,-0.128,20.059,-0.128,20.059,20.059408391076744,90.3656094639138,1.682207447801881,-20.33289671613116,-0.6755580659532274,-0.659200734243337,0.9438878686059164,-135.7021187332452
Line 4,74,9,7,0,0,zpar show f1 9 7 0 0,0.196,-8.34,-0.148,-9.085,0.029,-9.132,-0.134,19.873,-0.134,19.873,19.87345176359658,90.38632909484697,1.7509015431556216,-20.16560761926588,-0.6776055184077967,-0.6537071551481206,0.9415318811747948,-136.0284047694812
Line 4,72,9,4,0,0,zpar show f1 9 4 0 0,0.19,-8.474,-0.154,-9.221,0.027,-9.267,-0.138,19.732,-0.138,19.732,19.732482560488936,90.40070386497442,1.8014533196059856,-20.038650359974724,-0.6791731980493558,-0.6495641039633976,0.9397924016006732,-136.27654684375972
Line 4,70,9,1,0,0,zpar show f1 9 1 0 0,0.182,-8.607,-0.161,-9.356,0.025,-9.4,-0.143,19.591,-0.143,19.591,19.59152189085881,90.4182099414971,1.8529567302739935,-19.912110794842594,-0.6806884193493457,-0.6454030035697871,0.9380201283838281,-136.52419994308846
Line 4,68,8,10,0,0,zpar show f1 8 10 0 0,0.168,-8.813,-0.175,-9.563,0.018,-9.607,-0.147,19.372,-0.147,19.372,19.372557729943665,90.43476759928278,1.929582276948515,-19.71754078918661,-0.6830402260917956,-0.639046432740858,0.9353738790763548,-136.90587274626256
Line 4,66,8,7,0,0,zpar show f1 8 7 0 0,0.162,-8.969,-0.183,-9.718,0.016,-9.762,-0.151,19.206,-0.151,19.206,19.206593581371997,90.45045738057131,1.989147563204075,-19.56952388728234,-0.6847660868814256,-0.6341721633659599,0.933316091434816,-137.1967652468545
Line 4,64,8,4,0,0,zpar show f1 8 4 0 0,0.156,-9.122,-0.19,-9.874,0.013,-9.916,-0.154,19.046,-0.154,19.046,19.046622587745052,90.4632656601321,2.048491449163094,-19.42793622099482,-0.6863326502637347,-0.6294507730104787,0.9312683729524648,-137.47537964143402
Line 4,62,8,0,0,0,zpar show f1 8 0 0 0,0.145,-9.325,-0.2,-10.082,0.009,-10.122,-0.159,18.835,-0.159,18.835,18.835671105644206,90.48366405891782,2.1297705763898773,-19.242403422421734,-0.688258838062025,-0.6231786037856029,0.9284674471335342,-137.84097908044532
Line 4,60,7,10,0,0,zpar show f1 7 10 0 0,0.138,-9.521,-0.213,-10.273,0.003,-10.312,-0.165,18.624,-0.165,18.624,18.624730897384797,90.50760074548668,2.2068397788946528,-19.057315822366853,-0.6902334747285699,-0.6169941195034899,0.9257991105730023,-138.20672814034984
Line 4,58,7,6,0,0,zpar show f1 7 6 0 0,0.125,-9.76,-0.227,-10.515,-0.002,-10.552,-0.171,18.378,-0.171,18.378,18.37879552636679,90.53309911674516,2.3044581753339957,-18.843942572255834,-0.692235127290684,-0.6096685190873036,0.9224343741542026,-138.628833058733
Line 4,56,7,3,0,0,zpar show f1 7 3 0 0,0.121,-9.937,-0.234,-10.695,-0.004,-10.729,-0.172,18.192,-0.172,18.192,18.19281308649105,90.54169857326441,2.374853093187663,-18.6820482605306,-0.6938037271137186,-0.6041777896255514,0.9199969637089594,-138.95001757718623
Line 4,54,7,0,0,0,zpar show f1 7 0 0 0,0.113,-10.115,-0.245,-10.876,-0.009,-10.907,-0.176,18.006,-0.176,18.006,18.006860137181054,90.56002088553575,2.4491120757964886,-18.52241966136832,-0.6951936643716615,-0.5986581510361604,0.9174343642923632,-139.26698645888126
Line 4,52,6,9,0,0,zpar show f1 6 9 0 0,0.097,-10.407,-0.263,-11.171,-0.017,-11.198,-0.183,17.702,-0.183,17.702,17.70294588479556,90.59229206633069,2.5726036506358145,-18.263160374970784,-0.6973021130712574,-0.5896246056556547,0.913174360397962,-139.7828131275554
Line 4,50,6,6,0,0,zpar show f1 6 6 0 0,0.088,-10.617,-0.276,-11.385,-0.024,-11.409,-0.188,17.484,-0.188,17.484,17.48501072347398,90.61605990839922,2.663674604488641,-18.07917473304728,-0.6986533164830502,-0.5831391438255208,0.910037206763727,-140.14954199687185
Line 4,48,6,3,0,0,zpar show f1 6 3 0 0,0.078,-10.824,-0.283,-11.594,-0.025,-11.615,-0.19,17.267,-0.19,17.267,17.268045314974128,90.63043717909441,2.751405560550428,-17.894009109959494,-0.7000643783417211,-0.5766854390002145,0.9070039853153075,-140.5196486545885
Line 4,46,5,12,0,0,zpar show f1 5 12 0 0,0.05,-11.127,-0.306,-11.903,-0.038,-11.92,-0.198,16.946,-0.198,16.946,16.947156693675787,90.66942335258621,2.8865826280632314,-17.626994852902094,-0.7017909037689133,-0.5672035894702087,0.9023471529963826,-141.05405746960093
Line 4,44,5,9,0,0,zpar show f1 5 9 0 0,0.045,-11.374,-0.315,-12.152,-0.04,-12.164,-0.197,16.687,-0.197,16.687,16.688162810806947,90.67637947090886,2.991216668675954,-17.409633578010617,-0.7032599408199705,-0.5595857827379951,0.8987273182698983,-141.49064172886858
Line 4,42,5,6,0,0,zpar show f1 5 6 0 0,0.034,-11.623,-0.33,-12.404,-0.047,-12.411,-0.203,16.426,-0.203,16.426,16.42725433540249,90.70805133041696,3.1048988362210785,-17.19467045938033,-0.7043815672578955,-0.5518564205615781,0.894817803358721,-141.9226381929923
Line 4,40,5,2,0,0,zpar show f1 5 2 0 0,0.024,-11.952,-0.343,-12.736,-0.051,-12.739,-0.204,16.087,-0.204,16.087,16.088293414778335,90.7265315193186,3.2517521599492896,-16.916313006557424,-0.7057422956258589,-0.5418576743664901,0.8897650965873625,-142.48352101995306
Line 4,38,4,12,0,0,zpar show f1 4 12 0 0,-0.0,-12.239,-0.366,-13.019,-0.067,-13.017,-0.22,15.786,-0.22,15.786,15.787532929498516,90.79844517433666,3.3912683232129957,-16.674992960156075,-0.7065094044585674,-0.5329716487258438,0.8849939643488783,-142.97008227442646
Line 4,36,4,8,0,0,zpar show f1 4 8 0 0,-0.011,-12.632,-0.38,-13.421,-0.07,-13.41,-0.221,15.38,-0.221,15.38,15.381587726889576,90.82324420572702,3.574741967965411,-16.34778185877785,-0.7075598922146696,-0.5210443504406438,0.8787082656928562,-143.6322135042
Line 4,34,4,5,0,0,zpar show f1 4 5 0 0,-0.023,-12.93,-0.395,-13.724,-0.076,-13.708,-0.227,15.073,-0.227,15.073,15.074709217759393,90.86281157022135,3.7204661608284058,-16.10508926812689,-0.7079804349305795,-0.5120427899940434,0.8737414463268733,-144.12388082474055
Line 4,32,4,2,0,0,zpar show f1 4 2 0 0,-0.032,-13.229,-0.407,-14.027,-0.08,-14.005,-0.23,14.765,-0.23,14.765,14.766791289918064,90.89244588821113,3.8655709398879603,-15.86264076918328,-0.7083243866056372,-0.5030771156626482,0.8687980323203441,-144.61627873222596
Line 4,30,3,11,0,0,zpar show f1 3 11 0 0,-0.057,-13.682,-0.437,-14.485,-0.097,-14.453,-0.235,14.294,-0.235,14.294,14.295931624067038,90.94188437666273,4.086519250734643,-15.500973897527846,-0.7085537236237818,-0.4896644679543973,0.8612895392597019,-145.3525800958631
Line 4,28,3,8,0,0,zpar show f1 3 8 0 0,-0.065,-14.049,-0.449,-14.85,-0.102,-14.811,-0.237,13.919,-0.237,13.919,13.921017563382355,90.97548585970537,4.266198283166206,-15.212739052835355,-0.7085001962388406,-0.47895316936476967,0.8552009509554076,-145.94091605692847
Line 4,26,3,5,0,0,zpar show f1 3 5 0 0,-0.078,-14.417,-0.465,-15.22,-0.111,-15.173,-0.241,13.542,-0.241,13.542,13.54414430667364,91.0195558541375,4.4521395543860365,-14.92897360029521,-0.7080828424408948,-0.4682997559067142,0.8489322547420761,-146.52082671970624
Line 4,24,3,1,0,0,zpar show f1 3 1 0 0,-0.094,-14.907,-0.482,-15.719,-0.119,-15.66,-0.241,13.036,-0.241,13.036,13.038227525242839,91.05912166754452,4.7027498155832905,-14.55175009983032,-0.7072498999453931,-0.45415402307414643,0.8405107361879448,-147.29382437257024
Line 4,22,2,11,0,0,zpar show f1 2 11 0 0,-0.121,-15.338,-0.507,-16.159,-0.137,-16.089,-0.253,12.584,-0.253,12.584,12.586543012281012,91.15177046929928,4.936759487035174,-14.224238802341244,-0.7059110720370505,-0.44169489956791974,0.832709328594806,-147.96541493041022
Line 4,20,2,8,0,0,zpar show f1 2 8 0 0,-0.131,-15.787,-0.52,-16.616,-0.141,-16.534,-0.253,12.121,-0.253,12.121,12.123640129927974,91.19575345288642,5.174917904670706,-13.889224331472272,-0.7044119202460574,-0.42905291774849996,0.8247924342604258,-148.65466596379736
Line 4,18,2,4,0,0,zpar show f1 2 4 0 0,-0.147,-16.396,-0.54,-17.235,-0.151,-17.138,-0.256,11.493,-0.256,11.493,11.495850773213787,91.27601970592515,5.505983913566072,-13.445973084069422,-0.7017457229526182,-0.41223712424199954,0.8138713081842893,-149.5681004237957
Line 4,16,2,1,0,0,zpar show f1 2 1 0 0,-0.161,-16.863,-0.555,-17.709,-0.16,-17.602,-0.26,11.013,-0.26,11.013,11.016068672625456,91.35241405203914,5.765795039950002,-13.115166459174993,-0.6992278625253024,-0.3996294906783318,0.8053715500013184,-150.25075091658206
Line 4,14,1,11,0,0,zpar show f1 1 11 0 0,-0.187,-17.41,-0.583,-18.267,-0.179,-18.149,-0.279,10.448,-0.279,10.448,10.451724498856636,91.52964437437345,6.0879720403448845,-12.739128444067278,-0.6954503223701527,-0.38508362205844227,0.7949468830446463,-151.02589523895298
Line 4,12,1,7,0,0,zpar show f1 1 7 0 0,-0.202,-18.175,-0.6,-19.052,-0.189,-18.915,-0.277,9.658,-0.277,9.658,9.661971486192659,91.64284337318401,6.526209278263625,-12.218240759978514,-0.6901255024816859,-0.3653236360189062,0.7808550238102293,-152.1051234446677
Line 4,10,1,4,0,0,zpar show f1 1 4 0 0,-0.209,-18.764,-0.609,-19.652,-0.192,-19.501,-0.273,9.05,-0.273,9.05,9.054116688004413,91.72784595327538,6.866128224462131,-11.825652791408064,-0.6856202378665931,-0.35053484901414783,0.7700323311041005,-152.92084858311492
Line 4,8,1,0,0,0,zpar show f1 1 0 0 0,-0.234,-19.577,-0.636,-20.477,-0.212,-20.307,-0.283,8.211,-0.283,8.211,8.215875485911408,91.97397268036448,7.350783875344433,-11.308949216220448,-0.678393452177154,-0.3309608872437467,0.7548197035332375,-153.9941127308991
Line 4,6,0,10,0,0,zpar show f1 0 10 0 0,-0.25,-20.372,-0.65,-21.283,-0.224,-21.097,-0.284,7.392,-0.284,7.392,7.397453615941097,92.2002167415584,7.827610303044303,-10.818047185942657,-0.6708050680542992,-0.3125643264524109,0.7400512803164266,-155.01664472746864
Line 4,4,0,7,0,0,zpar show f1 0 7 0 0,-0.264,-21.147,-0.665,-22.069,-0.238,-21.866,-0.292,6.597,-0.292,6.597,6.603459169253643,92.5344026905833,8.30531247563249,-10.362136696685507,-0.6625962949461955,-0.29547993738710254,0.7254944820429111,-155.96587009933017
Line 4,2,0,3,0,0,zpar show f1 0 3 0 0,-0.281,-22.213,-0.669,-23.142,-0.254,-22.927,-0.294,5.505,-0.294,5.505,5.512845091239187,93.05703387146681,8.96428573129919,-9.757287900983451,-0.6507397373949823,-0.27316099343177397,0.7057472168967612,-157.22879914266483
Line 4,0,0,0,0,0,zpar show f1 0 0 0 0,-0.32,-23.051,-0.696,-23.984,-0.295,-23.762,-0.322,4.648,-0.322,4.648,4.659140264040137,93.962954198133,9.502206034223427,-9.32261369822902,-0.6403434445517537,-0.2570037194450035,0.689993216480402,-158.13179641461974
