band,line,pct,c1_coarse,c1_fine,c2_coarse,c2_fine,cmd,z11_r,z11_i,z21_r,z21_i,z12_r,z12_i,z22_r,z22_i,s22_r,s22_i,s22_mag,s22_phase_deg,z_load_r,z_load_x,gamma_real,gamma_imag,gamma_mag,gamma_phase_deg
F1,Line 1,0,0,0,0,0,zpar show f1 0 0 0 0,13.560775,-155.496538,-12.575876,126.653675,-12.297525,126.671375,11.246316,-103.898319,11.246316,-103.898319,104.50521668604691,-83.82215817058683,30.6586680007987,11.53769119669981,-0.21493310140058497,0.17378817796085996,0.27640291039826204,141.04208061007057
F1,Line 1,2,0,0,0,9,zpar show f1 0 0 0 9,12.175194,-147.753,-11.269249,118.755475,-11.008148,118.75675,10.0145,-95.81004,10.0145,-95.81004,96.33199870786238,-84.0328533765474,29.520221637892348,11.32060480309626,-0.23256174667993676,0.17546913404135525,0.2913320837464459,142.96524312755804
F1,Line 1,4,0,0,0,18,zpar show f1 0 0 0 18,10.775618,-139.252863,-9.939674,110.070275,-9.671607,110.0825,8.740137,-86.91814,8.740137,-86.91814,87.35647117322429,-84.25786983376699,28.150342634784767,10.986687433072419,-0.25478551584358683,0.17640276156619047,0.3098928740256234,145.3029023491391
F1,Line 1,6,0,0,0,27,zpar show f1 0 0 0 27,9.699713,-133.030338,-8.955988,103.740238,-8.696061,103.740831,7.830739,-80.443175,7.830739,-80.443175,80.82341787728818,-84.44006159060228,27.062907006817646,10.699739996900504,-0.2730987185210492,0.17676241148490993,0.3253119428668426,147.08714533308728
F1,Line 1,8,0,0,0,36,zpar show f1 0 0 0 36,8.539172,-125.311913,-7.872605,95.85759,-7.649551,95.8511,6.83806,-72.365935,6.83806,-72.365935,72.68829075571817,-84.60198923019853,25.586020778497762,10.25289140466964,-0.2990930898614285,0.17621592243806805,0.3471436701476145,149.49479103031217
F1,Line 1,10,0,0,0,45,zpar show f1 0 0 0 45,7.837752,-120.190775,-7.227049,90.64108,-6.989818,90.6356,6.220356,-67.025735,6.220356,-67.025735,67.31375773983325,-84.69782475049382,24.54511720543971,9.886146690199901,-0.3182835546107751,0.17483029189213284,0.36313916354306736,151.2204038676365
F1,Line 1,12,0,0,0,54,zpar show f1 0 0 0 54,7.052812,-115.036925,-6.519029,85.37999,-6.280949,85.39365,5.569177,-61.651545,5.569177,-61.651545,61.90257452920964,-84.83830245176935,23.419851139430353,9.451209734227085,-0.3398272270605626,0.1724736285085789,0.3810901425943558,153.0906900392133
F1,Line 1,14,0,0,0,63,zpar show f1 0 0 0 63,6.452794,-110.758813,-5.982643,81.02398,-5.756486,81.055715,5.07964,-57.20887,5.07964,-57.20887,57.4339407424434,-84.92594966236526,22.445601257989665,9.046830929467284,-0.35915090204873673,0.1697274672989453,0.3972364328685573,154.7055272303003
F1,Line 1,16,0,0,1,8,zpar show f1 0 0 1 8,5.933826,-106.578988,-5.510189,76.792945,-5.290958,76.7861,4.647359,-52.855535,4.647359,-52.855535,53.05945274699982,-84.97515179147874,21.437729090056905,8.587836146341694,-0.379879240549562,0.16588120829875913,0.4145175661744244,156.4106334280789
F1,Line 1,18,0,0,1,16,zpar show f1 0 0 1 16,5.462288,-102.715081,-5.083995,72.865335,-4.866036,72.878405,4.25378,-48.846065,4.25378,-48.846065,49.030936257353126,-85.02292955169212,20.469680218716544,8.107703112983621,-0.4005113708200471,0.16113214031515952,0.4317093058977274,158.08428702020444
F1,Line 1,20,0,0,1,25,zpar show f1 0 0 1 25,5.095943,-99.59321,-4.759475,69.693305,-4.539161,69.687095,3.954758,-45.57993,3.954758,-45.57993,45.75117626513512,-85.04113130647707,19.643977943925456,7.671311941153192,-0.4186615504428476,0.1562661354744795,0.4468742540305241,159.5318256719014
F1,Line 1,22,0,0,1,34,zpar show f1 0 0 1 34,4.619554,-95.45683,-4.339989,65.482,-4.124171,65.471335,3.572117,-41.259308,3.572117,-41.259308,41.4136513302142,-85.05182814863605,18.506158789946504,7.030504262885472,-0.44450910157106077,0.14824400573255578,0.46857723655246597,161.55643167931495
F1,Line 1,24,0,0,1,43,zpar show f1 0 0 1 43,4.346768,-92.71416,-4.086767,62.703215,-3.875636,62.683,3.337619,-38.404195,3.337619,-38.404195,38.54895451483978,-85.03303743293402,17.72907716414111,6.555510429259744,-0.4627670290417474,0.14158150259778557,0.4839407453872553,162.98874318313403
F1,Line 1,26,0,0,1,52,zpar show f1 0 0 1 52,4.050061,-89.76721,-3.817099,59.726425,-3.615689,59.702105,3.096452,-35.351978,3.096452,-35.351978,35.48732680127919,-84.99428264020432,16.870626346655094,6.003780348303,-0.4834669555640169,0.13318866955128542,0.5014773362966473,164.59783185283248
F1,Line 1,28,0,0,1,61,zpar show f1 0 0 1 61,3.80013,-87.36776,-3.593591,57.29471,-3.404708,57.28006,2.89554,-32.867623,2.89554,-32.867623,32.994920723676984,-84.96540972389319,16.155533948994197,5.518264854017396,-0.501144658386814,0.12521573502163305,0.5165510128986723,165.97133532454373
F1,Line 1,30,0,0,2,6,zpar show f1 0 0 2 6,3.483368,-84.24223,-3.317718,54.123715,-3.128229,54.098665,2.645434,-29.600303,2.645434,-29.600303,29.718281557656812,-84.89293829628832,15.183117137899055,4.810859602024653,-0.525828055858144,0.1126141994411585,0.537751896550192,167.9118314935613
F1,Line 1,32,0,0,2,15,zpar show f1 0 0 2 15,3.281206,-82.141365,-3.143417,51.99562,-2.948442,51.962,2.484267,-27.406005,2.484267,-27.406005,27.518370093217985,-84.82047570747515,14.515041421172189,4.295346497277556,-0.5431855555113041,0.10274374044406162,0.5528171704248709,169.2890251614789
F1,Line 1,34,0,0,2,24,zpar show f1 0 0 2 24,3.093745,-79.90254,-2.968889,49.736315,-2.785395,49.702465,2.327213,-25.085338,2.327213,-25.085338,25.193056641098813,-84.69973606047529,13.79757001342417,3.716871577118116,-0.5621554369216318,0.09101179153552069,0.56947509292247,170.80372654652194
F1,Line 1,36,0,0,2,33,zpar show f1 0 0 2 33,2.883666,-77.43621,-2.786055,47.232965,-2.608206,47.213835,2.164181,-22.516793,2.164181,-22.516793,22.62055804805907,-84.50993261782989,12.98311762964375,3.0285247948359277,-0.5840644796546559,0.0761692773206745,0.5890102505065746,172.56985042560765
F1,Line 1,38,0,0,2,42,zpar show f1 0 0 2 42,2.751254,-75.751505,-2.666763,45.531925,-2.488922,45.506175,2.056093,-20.76326,2.056093,-20.76326,20.864814503183318,-84.34469192010299,12.417147689919618,2.525946973908802,-0.5995042885644715,0.06473001678200815,0.6029886956484276,173.8375012519729
F1,Line 1,40,0,0,2,51,zpar show f1 0 0 2 51,2.584556,-73.93519,-2.518479,43.68733,-2.34944,43.65418,1.928413,-18.859095,1.928413,-18.859095,18.957432339786788,-84.16158431018589,11.79412974601222,1.9448611267051454,-0.6166752729959127,0.05088199972843029,0.6187708543725597,175.28319833520098
F1,Line 1,42,0,0,2,60,zpar show f1 0 0 2 60,2.486065,-72.421455,-2.424395,42.15814,-2.250744,42.12422,1.836525,-17.286669,1.836525,-17.286669,17.383950908558905,-83.93567923349552,11.277564142857706,1.4444010901247655,-0.6310124418628777,0.03844532957513756,0.6321825251870639,176.51348298130725
F1,Line 1,44,0,0,3,5,zpar show f1 0 0 3 5,2.317725,-70.4545,-2.283106,40.188523,-2.117499,40.152335,1.711933,-15.2559,1.711933,-15.2559,15.351651357638662,-83.59736799072229,10.608304873072392,0.7590035114853073,-0.6496801862328622,0.02065910037907657,0.6500085713373626,178.17867227478297
F1,Line 1,46,0,0,3,14,zpar show f1 0 0 3 14,2.220711,-69.06456,-2.192323,38.786355,-2.02937,38.74913,1.625849,-13.812645,1.625849,-13.812645,13.908002979106167,-83.28675938005665,10.128390099999825,0.24737663861974113,-0.663079740655321,0.006842143541772713,0.6631150408456846,179.40880106750515
F1,Line 1,48,0,0,3,23,zpar show f1 0 0 3 23,2.120288,-67.62013,-2.096978,37.316568,-1.934593,37.28136,1.544557,-12.291079,1.544557,-12.291079,12.387747144274861,-82.83747783317347,9.61134381790453,-0.3237191133826922,-0.6774835904500284,-0.009109566499176887,0.6775448321187792,-179.22963704384924
F1,Line 1,50,0,0,3,32,zpar show f1 0 0 3 32,2.010878,-66.03919,-1.99555,35.718693,-1.838207,35.66811,1.459714,-10.632823,1.459714,-10.632823,10.732552814271402,-82.18308317021084,9.044208764692499,-0.970529584548272,-0.6931887272843349,-0.027831514494538277,0.693747219693986,-177.70081043594814
F1,Line 1,52,0,0,3,40,zpar show f1 0 0 3 40,1.949366,-65.007605,-1.937773,34.677463,-1.782157,34.63353,1.403572,-9.559973,1.403572,-9.559973,9.662458182052484,-81.64764457654994,8.684386045054847,-1.4051557658996696,-0.7030543676190731,-0.040778422091070195,0.7042359856869658,-176.68046059736213
F1,Line 1,54,0,0,3,49,zpar show f1 0 0 3 49,1.85228,-63.75378,-1.849659,33.411258,-1.7031,33.367928,1.33547,-8.249056,1.33547,-8.249056,8.35645887993449,-80.80396305608954,8.235504037298064,-1.9604361903521195,-0.7152217343279178,-0.05774111202508605,0.71754871979046,-175.38442082712396
F1,Line 1,56,0,0,3,58,zpar show f1 0 0 3 58,1.800061,-62.692995,-1.795161,32.342865,-1.64945,32.30169,1.28202,-7.14687,1.28202,-7.14687,7.260945260591075,-79.83032623449927,7.86353584438448,-2.4387772770199376,-0.7251396092671274,-0.0727095435384809,0.7287757752900794,-174.2741066217738
F1,Line 1,58,0,0,4,3,zpar show f1 0 0 4 3,1.754982,-61.96986,-1.752653,31.612588,-1.603846,31.570228,1.23955,-6.392782,1.23955,-6.392782,6.511846581579146,-79.02661022237652,7.610313141657796,-2.7768985311454486,-0.7317767512194323,-0.08347408744174543,0.736522326137843,-173.49237448870812
F1,Line 1,60,0,0,4,12,zpar show f1 0 0 4 12,1.693977,-60.96757,-1.695175,30.600848,-1.547928,30.555513,1.188471,-5.343367,1.188471,-5.343367,5.473941378433824,-77.46040120491082,7.2548421057143635,-3.2601860520042782,-0.74093245039201,-0.09913159277900073,0.7475345936682863,-172.3794799404045
F1,Line 1,62,0,0,4,21,zpar show f1 0 0 4 21,1.629403,-59.92362,-1.627693,29.539038,-1.488859,29.49116,1.136003,-4.237487,1.136003,-4.237487,4.387117378322353,-74.99278699171252,6.878805165554393,-3.7899992353684926,-0.7503526680333806,-0.1166310588656518,0.7593628449673686,-171.16493029960077
F1,Line 1,64,0,0,4,30,zpar show f1 0 0 4 30,1.580717,-58.998025,-1.575471,28.608893,-1.443966,28.564228,1.093165,-3.275913,1.093165,-3.275913,3.4534932605687825,-71.54625845855797,6.554633486505638,-4.260188364012264,-0.7582248162501631,-0.13244483151488914,0.7697054666381167,-170.09168310738656
F1,Line 1,66,0,0,4,39,zpar show f1 0 0 4 39,1.52452,-57.921385,-1.517229,27.528965,-1.39393,27.47778,1.05066,-2.154204,1.05066,-2.154204,2.3967647588397156,-64.00033288871053,6.171978438429054,-4.824204194286638,-0.7672123806049976,-0.15177306578323063,0.7820804948666272,-168.80999478938347
F1,Line 1,68,0,0,4,48,zpar show f1 0 0 4 48,1.467898,-57.02748,-1.467548,26.610255,-1.33984,26.564048,1.003485,-1.193594,1.003485,-1.193594,1.5593744842278907,-49.94537543840681,5.856462279464385,-5.329263936530455,-0.7741529154703412,-0.1692718937873471,0.7924428752645734,-167.66614351791213
F1,Line 1,70,0,0,4,57,zpar show f1 0 0 4 57,1.435659,-56.21689,-1.426711,25.802403,-1.302766,25.755975,0.968445,-0.359446,0.968445,-0.359446,1.0329991021007714,-20.362805166047853,5.579933556915861,-5.77197974749598,-0.7800133469344153,-0.18485450289818764,0.8016183684507014,-166.66750516613538
F1,Line 1,72,0,0,5,2,zpar show f1 0 0 5 2,1.403865,-55.606135,-1.390507,25.197135,-1.266652,25.147588,0.936348,0.269254,0.936348,0.269254,0.9742922013543986,16.042992461470394,5.376215968106563,-6.116084938664838,-0.7840667809737587,-0.1970431489029559,0.808447103746525,-165.89318232445441
F1,Line 1,74,0,0,5,11,zpar show f1 0 0 5 11,1.350906,-54.846255,-1.346459,24.435025,-1.221701,24.384925,0.899614,1.06041,0.899614,1.06041,1.3906022857366518,49.68991550362621,5.118311721869206,-6.556403255385137,-0.7889661977320973,-0.2128001282363466,0.8171606670302043,-164.9053674970147
F1,Line 1,76,0,0,5,20,zpar show f1 0 0 5 20,1.308875,-54.08378,-1.301423,23.653415,-1.183079,23.602038,0.873658,1.87616,0.873658,1.87616,2.0696025334744834,65.03035402966086,4.844463367082629,-7.022016136323346,-0.7939302338263512,-0.2296860298377468,0.826487077023102,-163.86470954873224
F1,Line 1,78,0,0,5,29,zpar show f1 0 0 5 29,1.291813,-53.37699,-1.26816,22.943005,-1.158761,22.895478,0.842504,2.611435,0.842504,2.611435,2.7439762661584743,72.11920464180743,4.612396850459146,-7.447287324962627,-0.7976572968780223,-0.2451397699742915,0.8344762849151569,-162.91651505675574
F1,Line 1,80,0,0,5,38,zpar show f1 0 0 5 38,1.245192,-52.60983,-1.227317,22.158248,-1.119254,22.112635,0.813205,3.4301,0.813205,3.4301,3.525179198569202,76.66261218868397,4.3481602575829434,-7.934243021382791,-0.8015916536941019,-0.26301287730727735,0.8436379276096458,-161.83464902487233
F1,Line 1,82,0,0,5,47,zpar show f1 0 0 5 47,1.218451,-51.954645,-1.194625,21.49101,-1.091155,21.443323,0.788635,4.12676,0.788635,4.12676,4.201439427246929,79.18106624738594,4.12698862725571,-8.356283907743432,-0.8044985893051613,-0.27858380644814673,0.8513676746324899,-160.8999241731629
F1,Line 1,84,0,0,5,55,zpar show f1 0 0 5 55,1.190967,-51.367,-1.1601,20.907881,-1.065102,20.856768,0.766322,4.734688,0.766322,4.734688,4.79630272866799,80.80625129495334,3.9361609144612117,-8.731642363784815,-0.8066940981548612,-0.2924829364638618,0.858080203780747,-160.07088349477146
F1,Line 1,86,0,0,6,0,zpar show f1 0 0 6 0,1.207677,-51.52655,-1.172835,21.084113,-1.074238,21.034798,0.770025,4.544294,0.770025,4.544294,4.6090721906974945,80.38265386719961,3.99917476683837,-8.610931851056232,-0.8059568173839398,-0.28798534695373845,0.8558632785367732,-160.33712102242274
F1,Line 1,88,0,0,6,9,zpar show f1 0 0 6 9,1.190533,-50.90988,-1.145103,20.465956,-1.04983,20.413798,0.749806,5.186911,0.749806,5.186911,5.2408257707690495,81.77445523050336,3.797120350708179,-9.01038645333198,-0.8081137685659964,-0.3028378415082886,0.8629939867666148,-159.4566874479173
F1,Line 1,90,0,0,6,18,zpar show f1 0 0 6 18,1.157062,-50.30746,-1.113752,19.849444,-1.013604,19.799425,0.727498,5.836978,0.727498,5.836978,5.882139535278639,82.8955154146758,3.597152504639361,-9.427897474322952,-0.8097730360171563,-0.3183444238737686,0.8701008803994882,-158.53882270593132
F1,Line 1,92,0,0,6,27,zpar show f1 0 0 6 27,1.136251,-49.73538,-1.087379,19.268149,-0.987606,19.221655,0.705063,6.436361,0.705063,6.436361,6.47486345464443,83.74853252010539,3.415450291557595,-9.813194218366622,-0.8109945854813558,-0.33270601480912226,0.8765874228907485,-157.69438227532393
F1,Line 1,94,0,0,6,36,zpar show f1 0 0 6 36,1.104028,-49.13455,-1.050846,18.658686,-0.963837,18.613478,0.683189,7.074096,0.683189,7.074096,7.107009316649092,84.48370148935986,3.2245771897326345,-10.233098594265998,-0.8118561372853241,-0.3483522739010753,0.8834362989938193,-156.77673445739268
F1,Line 1,96,0,0,6,45,zpar show f1 0 0 6 45,1.091698,-48.58397,-1.02628,18.103863,-0.941246,18.059951,0.664333,7.648714,0.664333,7.648714,7.677510285807828,85.03600310230512,3.0541747986430403,-10.615186158212762,-0.8123137890868389,-0.36261139337793985,0.8895733328670035,-155.94433797104867
F1,Line 1,98,0,0,6,54,zpar show f1 0 0 6 54,1.069533,-48.079165,-1.004556,17.586939,-0.914398,17.539705,0.648975,8.196604,0.648975,8.196604,8.222255510712435,85.47298855585089,2.893239527162846,-10.988435906553386,-0.8123802531335858,-0.376517385357615,0.8953921024656871,-155.13348831593225
F1,Line 1,100,0,0,6,63,zpar show f1 0 0 6 63,1.053646,-47.56144,-0.97987,17.067118,-0.891399,17.017946,0.633264,8.737929,0.633264,8.737929,8.76084622069906,85.8548496073217,2.7353108469695293,-11.359682681684818,-0.8121754944351333,-0.3903596707724987,0.9011158118280729,-154.3294486668324
F1,Line 2,0,0,0,6,63,zpar show f1 0 0 6 63,1.053646,-47.56144,-0.97987,17.067118,-0.891399,17.017946,0.633264,8.737929,0.633264,8.737929,8.76084622069906,85.8548496073217,2.7353108469695293,-11.359682681684818,-0.8121754944351333,-0.3903596707724987,0.9011158118280729,-154.3294486668324
F1,Line 2,2,0,9,6,63,zpar show f1 0 9 6 63,0.919452,-44.0157,-0.891385,15.82423,-0.819065,15.775516,0.589477,9.181142,0.589477,9.181142,9.200046280192996,86.32635580701334,2.4949639123874174,-11.396697836759623,-0.8192007044997123,-0.39494989973144917,0.9094367584118792,-154.26053267465224
F1,Line 2,4,0,18,6,63,zpar show f1 0 18 6 63,0.778433,-39.217953,-0.782618,14.159293,-0.715068,14.107039,0.534986,9.773151,0.534986,9.773151,9.787782715661244,86.86673437724357,2.149896204931704,-11.482367290259958,-0.8288863054521947,-0.4026842969889314,0.9215243623516737,-154.08888489736196
F1,Line 2,6,0,27,6,63,zpar show f1 0 27 6 63,0.692013,-36.585788,-0.723386,13.240226,-0.665825,13.184456,0.505964,10.103654,0.505964,10.103654,10.11631473022721,87.13317524543548,1.9491206481621264,-11.553076019504633,-0.8342419764596719,-0.4079209951546066,0.9286329810938574,-153.94265997860927
F1,Line 2,8,0,36,6,63,zpar show f1 0 36 6 63,0.61443,-33.463418,-0.6565,12.168909,-0.60358,12.112384,0.473126,10.479249,0.473126,10.479249,10.489924109157176,87.4149172100513,1.710647759855047,-11.649223224317772,-0.8404360145064059,-0.41460803319704853,0.9371406061370602,-153.74172794314242
F1,Line 2,10,0,45,6,63,zpar show f1 0 45 6 63,0.555926,-31.33978,-0.612392,11.420948,-0.564548,11.36499,0.450274,10.749878,0.450274,10.749878,10.759304052305614,87.60148646133419,1.540121682703695,-11.740311363183213,-0.8445268852286956,-0.4201643155533077,0.9432728724703483,-153.54899199676603
F1,Line 2,12,0,54,6,63,zpar show f1 0 54 6 63,0.495737,-28.66998,-0.556634,10.495003,-0.516342,10.44239,0.424805,11.078009,0.424805,11.078009,11.086150941246741,87.80397236038496,1.3270217666540778,-11.865683350573628,-0.8494507204550403,-0.4275525028741664,0.9509824757562839,-153.28259851178782
F1,Line 2,14,0,63,6,63,zpar show f1 0 63 6 63,0.448753,-26.981323,-0.523324,9.903911,-0.485588,9.851102,0.410169,11.292011,0.410169,11.292011,11.299457997297127,87.91971289385721,1.1890128037673942,-11.961691469301908,-0.8523943917876244,-0.43286183851543164,0.9560050054230645,-153.0776865637492
F1,Line 2,16,1,8,6,63,zpar show f1 1 8 6 63,0.431145,-24.885638,-0.485252,9.091631,-0.452188,9.040469,0.385967,11.616429,0.385967,11.616429,11.622839293267804,88.09699282586718,1.003593042600161,-12.142607304856874,-0.8554794216207025,-0.44174060365051004,0.9627979028487799,-152.68970142591408
F1,Line 2,18,1,16,6,63,zpar show f1 1 16 6 63,0.392122,-23.038143,-0.448065,8.457929,-0.42093,8.404478,0.371043,11.836641,0.371043,11.836641,11.842455111619802,88.20453803679598,0.8609565631822009,-12.261110549443117,-0.8581573060785246,-0.44794816471416243,0.9680348755322491,-152.43596308608517
F1,Line 2,20,1,25,6,63,zpar show f1 1 25 6 63,0.364359,-21.888845,-0.42324,8.059457,-0.400903,8.005193,0.362295,11.984076,0.362295,11.984076,11.989551085874774,88.26839765642147,0.7722744980838179,-12.35105499217809,-0.8595366031231348,-0.4523578876894452,0.9713036758209629,-152.24301486398764
F1,Line 2,22,1,34,6,63,zpar show f1 1 34 6 63,0.340137,-20.417484,-0.397064,7.557152,-0.376006,7.507316,0.348729,12.15924,0.348729,12.15924,12.164239774562198,88.35719796558293,0.6671880497819178,-12.459684862163908,-0.8611168416683941,-0.45767152730224975,0.9751848244861709,-152.00998203242628
F1,Line 2,24,1,43,6,63,zpar show f1 1 43 6 63,0.324579,-19.42458,-0.379547,7.209145,-0.359961,7.160431,0.343628,12.287106,0.343628,12.287106,12.291910106147864,88.39805210674615,0.5915990237102011,-12.545858935221599,-0.8621017091995989,-0.4617696577588811,0.9779829108075581,-151.8250529089193
F1,Line 2,26,1,52,6,63,zpar show f1 1 52 6 63,0.307801,-18.083721,-0.353704,6.748676,-0.335892,6.702478,0.334823,12.449443,0.334823,12.449443,12.453944654268302,88.45942333238528,0.49686535655195385,-12.658781706088053,-0.8632304697323734,-0.4670830083795234,0.9814954816968033,-151.58274450271648
F1,Line 2,28,1,61,6,63,zpar show f1 1 61 6 63,0.292129,-17.242674,-0.338148,6.45261,-0.323052,6.410026,0.323183,12.553138,0.323183,12.553138,12.557297515728973,88.52523469304059,0.44406199037850635,-12.733738959748644,-0.863638462117645,-0.47044359148713827,0.9834574551144794,-151.42186106556494
F1,Line 2,30,2,6,6,63,zpar show f1 2 6 6 63,0.276865,-15.800214,-0.313695,5.92115,-0.300966,5.876209,0.315581,12.75222,0.315581,12.75222,12.756124266247998,88.58238255026514,0.3393146817693524,-12.887410383841981,-0.8643279525587838,-0.4772881706193391,0.9873534359020657,-151.09220141158173
F1,Line 2,32,2,15,6,63,zpar show f1 2 15 6 63,0.25756,-15.071129,-0.299718,5.665285,-0.287973,5.623428,0.312619,12.844759,0.312619,12.844759,12.848562737024013,88.60579603917252,0.2909113731349706,-12.960937305654614,-0.8645864677239378,-0.48053987588007124,0.989155363167076,-150.9345570263074
F1,Line 2,34,2,24,6,63,zpar show f1 2 24 6 63,0.245751,-14.113443,-0.281313,5.339337,-0.273391,5.29661,0.306139,12.961929,0.306139,12.961929,12.965543740559514,88.64702142479697,0.23406642307286513,-13.055879297915917,-0.8647218422040385,-0.48464289334978544,0.9912732208928059,-150.73106874903337
F1,Line 2,36,2,33,6,63,zpar show f1 2 33 6 63,0.238935,-13.301044,-0.268007,5.070496,-0.262521,5.029291,0.301621,13.052756,0.301621,13.052756,13.056240439850095,88.67625386311684,0.18878586248537732,-13.130003671093192,-0.8648451148336529,-0.4878664184241245,0.9929605807269577,-150.57228871279614
F1,Line 2,38,2,42,6,63,zpar show f1 2 42 6 63,0.228014,-12.731535,-0.258097,4.870072,-0.251809,4.831283,0.295793,13.12935,0.295793,13.12935,13.132681558666874,88.70939353080627,0.1586094324633633,-13.195892911594758,-0.8646200588264026,-0.49055041388686926,0.9940862913698943,-150.43117843056822
F1,Line 2,40,2,51,6,63,zpar show f1 2 51 6 63,0.226197,-11.95646,-0.243438,4.602736,-0.238817,4.569207,0.288424,13.222356,0.288424,13.222356,13.22550137403161,88.75038475799366,0.12003984741484947,-13.276043909603446,-0.8643963395729218,-0.4938505185635985,0.9955246689824422,-150.25962836817644
F1,Line 2,42,2,60,6,63,zpar show f1 2 60 6 63,0.215983,-11.458371,-0.234598,4.427356,-0.233989,4.394141,0.288988,13.284003,0.288988,13.284003,13.287146035479289,88.75375055146937,0.0901562693387794,-13.329751948045026,-0.8643705520720238,-0.49613734213027433,0.996638707629494,-150.14474220559018
F1,Line 2,44,3,5,6,63,zpar show f1 3 5 6 63,0.208563,-10.889266,-0.224062,4.222576,-0.221022,4.188117,0.28309,13.362495,0.28309,13.362495,13.365493353151052,88.78634669151587,0.06276875055531445,-13.400543065760754,-0.863941346968379,-0.4989301813600712,0.9976602512245992,-149.99336461856157
F1,Line 2,46,3,14,6,63,zpar show f1 3 14 6 63,0.199197,-10.418672,-0.216644,4.057532,-0.212015,4.024855,0.283153,13.42496,0.283153,13.42496,13.427945733544243,88.79172326675743,0.03711038074641365,-13.45717837174007,-0.8637127559823456,-0.5012342799194146,0.9986168074957246,-149.87232634134415
F1,Line 2,48,3,23,6,63,zpar show f1 3 23 6 63,0.194956,-9.805072,-0.206691,3.850856,-0.205869,3.818288,0.277295,13.490361,0.277295,13.490361,13.49321060486888,88.82244840164148,0.012111870677833259,-13.51557285535784,-0.8634243630100767,-0.5035829681385163,0.9995486163456757,-149.74758547078613
F1,Line 2,50,3,32,6,63,zpar show f1 3 32 6 63,0.189312,-9.297238,-0.197993,3.679119,-0.195377,3.648446,0.27737,13.545614,0.27737,13.545614,13.548453518903772,88.82693322363485,-0.012492527170023415,-13.566120580916888,-0.8632653908652892,-0.5056720017589769,1.0004655458478973,-149.6396543731261
F1,Line 2,52,3,40,6,63,zpar show f1 3 40 6 63,0.185849,-8.956501,-0.191519,3.558894,-0.191772,3.529765,0.275017,13.588665,0.275017,13.588665,13.59144770922193,88.84056583211607,-0.026699831818903036,-13.606040377569482,-0.8629687717930488,-0.5072234222247051,1.0009948557027375,-149.55444938163666
F1,Line 2,54,3,49,6,63,zpar show f1 3 49 6 63,0.180595,-8.442384,-0.181854,3.382419,-0.182283,3.353919,0.274582,13.648871,0.274582,13.648871,13.651632680722296,88.8475041004663,-0.04982027210209666,-13.662340525519516,-0.862645045754639,-0.5094694560039517,1.0018560782697212,-149.4343299724343
F1,Line 2,56,3,58,6,63,zpar show f1 3 58 6 63,0.175817,-8.096133,-0.175098,3.261706,-0.175931,3.233016,0.270137,13.694408,0.270137,13.694408,13.697072113018642,88.86992538080735,-0.060914761132340234,-13.705526320566868,-0.8621801657438337,-0.5110658145451122,1.002268878594324,-149.3422386465588
F1,Line 2,58,4,3,6,63,zpar show f1 4 3 6 63,0.176614,-7.76434,-0.169223,3.14352,-0.171877,3.118671,0.267306,13.735943,0.267306,13.735943,13.738543685445157,88.88514587404336,-0.07251261085394994,-13.744862354726498,-0.8618021555699785,-0.5125476105093485,1.0027003582246814,-149.25838728533054
F1,Line 2,60,4,12,6,63,zpar show f1 4 12 6 63,0.166924,-7.43411,-0.166148,3.028313,-0.166886,3.003234,0.265343,13.781166,0.265343,13.781166,13.783720224496905,88.89696156601822,-0.084415311252484,-13.788002262209558,-0.8613587445087433,-0.5141564250945383,1.0031429191334973,-149.16646414232943
F1,Line 2,62,4,21,6,63,zpar show f1 4 21 6 63,0.165708,-7.014111,-0.157253,2.884108,-0.158513,2.863057,0.265962,13.833393,0.265962,13.833393,13.83594946788593,88.89856212942667,-0.1014617352677043,-13.838337992547233,-0.8609388164905091,-0.5160932809177684,1.0037768279595545,-149.05924846469037
F1,Line 2,64,4,30,6,63,zpar show f1 4 30 6 63,0.160973,-6.714534,-0.151355,2.779019,-0.156111,2.759749,0.264827,13.870581,0.264827,13.870581,13.87310890238702,88.90620111242912,-0.11189177922553525,-13.874099357103633,-0.8605843511538646,-0.5174365809973016,1.0041643494991719,-148.98311021663758
F1,Line 2,66,4,39,6,63,zpar show f1 4 39 6 63,0.160518,-6.372498,-0.147386,2.669228,-0.150143,2.645396,0.258147,13.905339,0.258147,13.905339,13.907734990951258,88.93644917502903,-0.1171888946768534,-13.907497830820022,-0.8601097427963078,-0.5186049390521664,1.0043604196016647,-148.91203746066543
F1,Line 2,68,4,48,6,63,zpar show f1 4 48 6 63,0.155024,-6.016313,-0.141811,2.544132,-0.142836,2.520817,0.263159,13.947751,0.263159,13.947751,13.950233353506386,88.91910091676614,-0.13502180129827168,-13.948754918156041,-0.8598813632224637,-0.5202655300290806,1.005023472638208,-148.82424215255602
F1,Line 2,70,4,57,6,63,zpar show f1 4 57 6 63,0.152351,-5.760408,-0.13916,2.454887,-0.139022,2.434347,0.258293,13.978703,0.258293,13.978703,13.981089114802822,88.94143148497514,-0.13881388982101517,-13.978867529185196,-0.8594189554949745,-0.5212986951951764,1.0051633054764118,-148.76021061398407
F1,Line 2,72,5,2,6,63,zpar show f1 5 2 6 63,0.149529,-5.60276,-0.134545,2.403535,-0.136775,2.380933,0.258278,14.003466,0.258278,14.003466,14.005847619420967,88.94336432985703,-0.1438329663154339,-14.00330796592278,-0.8591046288671511,-0.5221744110675428,1.005349132846247,-148.7082487183852
F1,Line 2,74,5,11,6,63,zpar show f1 5 11 6 63,0.144306,-5.351996,-0.130796,2.316275,-0.134322,2.294984,0.255137,14.039575,0.255137,14.039575,14.041893072851465,88.95889552194666,-0.14877483590174567,-14.038731534838151,-0.8585734031240456,-0.5233976288117366,1.0055313850883787,-148.6329660871512
F1,Line 2,76,5,20,6,63,zpar show f1 5 20 6 63,0.136915,-5.037517,-0.128981,2.211477,-0.129292,2.191701,0.253792,14.076019,0.253792,14.076019,14.078306761383805,88.9670634094468,-0.15676062303217145,-14.074418279548064,-0.8581321845523189,-0.5246875987792324,1.0058269843652297,-148.55714126446003
F1,Line 2,78,5,29,6,63,zpar show f1 5 29 6 63,0.137967,-4.807942,-0.122467,2.131213,-0.124948,2.113788,0.253707,14.106776,0.253707,14.106776,14.109057245472675,88.96966015698392,-0.16348918820791958,-14.1049429806673,-0.8577501309792575,-0.5257884077949835,1.0060759101412364,-148.49230596716663
F1,Line 2,80,5,38,6,63,zpar show f1 5 38 6 63,0.137388,-4.572467,-0.117535,2.050535,-0.120534,2.034235,0.25382,14.126306,0.25382,14.126306,14.128586121690875,88.9706261472276,-0.1702572858832423,-14.124216954931809,-0.8575881764816832,-0.5265324881982688,1.0063269556011298,-148.45136815489133
F1,Line 2,82,5,47,6,63,zpar show f1 5 47 6 63,0.13456,-4.360126,-0.115298,1.975123,-0.11803,1.957313,0.254435,14.154976,0.254435,14.154976,14.15726254364879,88.97022206790963,-0.17696835721894602,-14.152548793529112,-0.8572463588762053,-0.5275626321588607,1.0065752086440918,-148.39121739471892
F1,Line 2,84,5,55,6,63,zpar show f1 5 55 6 63,0.13877,-4.130098,-0.109277,1.896538,-0.115038,1.879931,0.251668,14.17522,0.251668,14.17522,14.177453890971538,88.98287296569727,-0.18020107789109607,-14.17264401528677,-0.8569548183388259,-0.5282630633241752,1.0066943055102535,-148.34856995395705
F1,Line 2,86,6,0,6,63,zpar show f1 6 0 6 63,0.132153,-4.189239,-0.112592,1.918691,-0.113205,1.902198,0.252048,14.169008,0.252048,14.169008,14.171249623740596,88.98089099320752,-0.1789050375269572,-14.166502089911212,-0.8570342177746382,-0.5280429735026275,1.00664642864418,-148.36160506521998
F1,Line 2,88,6,9,6,63,zpar show f1 6 9 6 63,0.127126,-3.993514,-0.110797,1.847866,-0.111925,1.834322,0.252076,14.193843,0.252076,14.193843,14.196081199346,88.98256076455374,-0.1841374598435463,-14.191061001404337,-0.8567180101439124,-0.5289238648255589,1.0068397110200564,-148.30948786270633
F1,Line 2,90,6,18,6,63,zpar show f1 6 18 6 63,0.130143,-3.760097,-0.106641,1.766375,-0.108994,1.753467,0.247113,14.227738,0.247113,14.227738,14.2298838165114,89.0049642095495,-0.18501802271082057,-14.2248097258468,-0.8560824537529086,-0.5300096214459119,1.00687008419599,-148.23791603514593
F1,Line 2,92,6,27,6,63,zpar show f1 6 27 6 63,0.12221,-3.572915,-0.102587,1.701493,-0.106658,1.686445,0.2499,14.249273,0.2499,14.249273,14.251464171744916,88.99526469810506,-0.1923753432170825,-14.246286611378542,-0.8558923299486874,-0.5308338679971062,1.0071426293617811,-148.192353944808
F1,Line 2,94,6,36,6,63,zpar show f1 6 36 6 63,0.124357,-3.382437,-0.099493,1.641136,-0.102831,1.62512,0.247882,14.264313,0.247882,14.264313,14.266466656039714,89.00442713153396,-0.19440988311573754,-14.261313907766576,-0.8556604448229076,-0.5313491125742893,1.0072172934714836,-148.16049333378342
F1,Line 2,96,6,45,6,63,zpar show f1 6 45 6 63,0.119513,-3.205686,-0.098328,1.577978,-0.100538,1.562851,0.24668,14.287184,0.24668,14.287184,14.289313408007258,89.01083945725934,-0.19723892707139645,-14.284100104488319,-0.8553002145328583,-0.5321249950270601,1.0073209356071688,-148.11219300283986
F1,Line 2,98,6,54,6,63,zpar show f1 6 54 6 63,0.11966,-3.007334,-0.092491,1.510188,-0.091943,1.496124,0.246341,14.31578,0.246341,14.31578,14.317899318569083,89.01417130109621,-0.20104407512090428,-14.31295310992901,-0.8548502043410007,-0.5331112572063315,1.0074604133274747,-148.0510481220003
F1,Line 2,100,6,63,6,63,zpar show f1 6 63 6 63,0.11774,-2.845831,-0.093368,1.452519,-0.093401,1.438989,0.245099,14.334128,0.245099,14.334128,14.336223318579583,89.0203959472692,-0.20319952434599592,-14.331105213434775,-0.854559047139612,-0.5337266767185019,1.0075392451359588,-148.01259090095786
F1,Line 3,100,6,63,6,63,zpar show f1 6 63 6 63,0.11774,-2.845831,-0.093368,1.452519,-0.093401,1.438989,0.245099,14.334128,0.245099,14.334128,14.336223318579583,89.0203959472692,-0.20319952434599592,-14.331105213434775,-0.854559047139612,-0.5337266767185019,1.0075392451359588,-148.01259090095786
F1,Line 3,98,6,63,6,54,zpar show f1 6 63 6 54,0.12063,-2.851648,-0.09373,1.481392,-0.096458,1.46982,0.243657,14.083173,0.243657,14.083173,14.085280631978122,89.00880823915666,-0.20000633549529437,-14.080041805520148,-0.8593972439960463,-0.5257107280958058,1.0074400193674173,-148.54502863213642
F1,Line 3,96,6,63,6,45,zpar show f1 6 63 6 45,0.11915,-2.849152,-0.094691,1.51548,-0.096495,1.503475,0.244983,13.825418,0.244983,13.825418,13.82758834884135,88.98483914738165,-0.19930614662481477,-13.82224119977151,-0.8643821165558466,-0.5174614510281347,1.0074337679081975,-149.0931958964365
F1,Line 3,94,6,63,6,36,zpar show f1 6 63 6 36,0.117171,-2.860395,-0.095564,1.549241,-0.098596,1.53572,0.247208,13.566901,0.247208,13.566901,13.569153051648618,88.95610590792987,-0.1995136369461659,-13.563631662687381,-0.8693451408269457,-0.5091337613807262,1.0074612453375604,-149.6445397481557
F1,Line 3,92,6,63,6,27,zpar show f1 6 63 6 27,0.120781,-2.860317,-0.100209,1.586874,-0.098534,1.575273,0.238673,13.289471,0.238673,13.289471,13.291614057772291,88.97110384586716,-0.1885582519917462,-13.286045254518816,-0.8742320652154132,-0.49990787582288626,1.007069803022887,-150.23799282364695
F1,Line 3,90,6,63,6,18,zpar show f1 6 63 6 18,0.121157,-2.867253,-0.100923,1.616573,-0.104592,1.605462,0.241442,13.026051,0.241442,13.026051,13.028288409993271,88.93812608993575,-0.18941095191627327,-13.022403712793864,-0.8791642435049881,-0.4912858066774914,1.0071204053639522,-150.80310289046972
F1,Line 3,88,6,63,6,9,zpar show f1 6 63 6 9,0.117992,-2.869858,-0.101844,1.659554,-0.106874,1.645169,0.242554,12.747433,0.242554,12.747433,12.74974041039287,88.90992612534039,-0.1878214548627368,-12.743667330957376,-0.8842168829295048,-0.48204743973742814,1.0070795550575828,-151.40216062975418
F1,Line 3,86,6,63,6,0,zpar show f1 6 63 6 0,0.118107,-2.875714,-0.103528,1.691733,-0.106719,1.677039,0.244197,12.481924,0.244197,12.481924,12.48431251277318,88.87920541792904,-0.1873218086692931,-12.478102898750763,-0.8889861811703257,-0.4731920627199646,1.007078526497797,-151.97439465319448
F1,Line 3,84,6,63,5,55,zpar show f1 6 63 5 55,0.118691,-2.871063,-0.103726,1.67086,-0.107142,1.656601,0.244161,12.570153,0.244161,12.570153,12.572524051968642,88.88723423792447,-0.1886720881501972,-12.566313090431391,-0.8874500333920067,-0.4761625328303426,1.0071237855590944,-151.78415645730803
F1,Line 3,82,6,63,5,47,zpar show f1 6 63 5 47,0.120228,-2.876599,-0.102749,1.704804,-0.106327,1.690215,0.24247,12.31542,0.24247,12.31542,12.317806682900166,88.87208775468348,-0.1847021698705419,-12.311635706167213,-0.8918588715599838,-0.4675647491570277,1.006990090037892,-152.33383464903756
F1,Line 3,80,6,63,5,38,zpar show f1 6 63 5 38,0.121809,-2.880703,-0.105147,1.738711,-0.109316,1.72522,0.243329,12.041336,0.243329,12.041336,12.043794321854595,88.84233547910408,-0.18319022326966913,-12.037361744308317,-0.8966180817611178,-0.4582846240711872,1.0069502376984951,-152.92725299429904
F1,Line 3,78,6,63,5,29,zpar show f1 6 63 5 29,0.124614,-2.884769,-0.108864,1.784278,-0.111151,1.770194,0.245599,11.710068,0.245599,11.710068,11.712643230006837,88.79849345048446,-0.1822717958155112,-11.705890582142905,-0.9022866576831682,-0.446988657921962,1.0069359825450372,-153.64639672539792
F1,Line 3,76,6,63,5,20,zpar show f1 6 63 5 20,0.123593,-2.888737,-0.109641,1.818994,-0.112341,1.803786,0.245615,11.433633,0.245615,11.433633,11.436270821684577,88.76937288566516,-0.1798315470261335,-11.429380780885928,-0.906860763398864,-0.4374581306682736,1.0068595037442667,-154.2479280568128
F1,Line 3,74,6,63,5,11,zpar show f1 6 63 5 11,0.123843,-2.893967,-0.11383,1.859534,-0.118531,1.844433,0.239185,11.121973,0.239185,11.121973,11.124544614363053,88.76800825710764,-0.1704203236597276,-11.117334279962899,-0.9116826997517725,-0.4265100317603825,1.006516841497907,-154.92852489426505
F1,Line 3,72,6,63,5,2,zpar show f1 6 63 5 2,0.120146,-2.898835,-0.11628,1.89439,-0.120789,1.880241,0.240224,10.837069,0.240224,10.837069,10.839731181211874,88.73013933717658,-0.1688156362135795,-10.832248319631665,-0.9162269039148928,-0.41654730717277016,1.006470763892502,-155.55187162939671
F1,Line 3,70,6,63,4,57,zpar show f1 6 63 4 57,0.121898,-2.902977,-0.117447,1.920281,-0.120374,1.905237,0.246403,10.617918,0.246403,10.617918,10.620776670899968,88.67061334785194,-0.17305344324468558,-10.613066488232127,-0.9198458910208513,-0.4089243571318366,1.0066457137859526,-156.03210381105896
F1,Line 3,68,6,63,4,48,zpar show f1 6 63 4 48,0.120653,-2.905347,-0.11822,1.95572,-0.122404,1.942198,0.244884,10.32317,0.244884,10.32317,10.32607413407225,88.64109680099293,-0.16873312973235643,-10.318203016451468,-0.9242691128258393,-0.39844460338757043,1.0064946571604554,-156.67953431604144
F1,Line 3,66,6,63,4,39,zpar show f1 6 63 4 39,0.121669,-2.916241,-0.12086,2.001124,-0.126058,1.982837,0.245019,9.996497,0.245019,9.996497,9.999499316534303,88.59593372281199,-0.16546814755357298,-9.991286041527417,-0.9290987933518196,-0.38676349772506646,1.006384902003371,-157.39910661125506
F1,Line 3,64,6,63,4,30,zpar show f1 6 63 4 30,0.126161,-2.92243,-0.123489,2.053603,-0.126023,2.03248,0.241369,9.621221,0.241369,9.621221,9.624248153752168,88.56291370416979,-0.15768012967139172,-9.6159032768491,-0.9343301778547953,-0.37318351040106584,1.0061007969808173,-158.2275957818977
F1,Line 3,62,6,63,4,21,zpar show f1 6 63 4 21,0.12583,-2.925171,-0.124129,2.090141,-0.12835,2.072531,0.24226,9.313183,0.24226,9.313183,9.316333372045518,88.50992447459365,-0.15540398636768457,-9.307740060185742,-0.9386352684262753,-0.3620114233664393,1.006026062178044,-158.9094463568382
F1,Line 3,60,6,63,4,12,zpar show f1 6 63 4 12,0.123091,-2.931118,-0.127577,2.135135,-0.128737,2.117789,0.242383,8.965305,0.242383,8.965305,8.96858089452919,88.4513476318963,-0.15172468651978765,-8.95970477671318,-0.9433064330391253,-0.34928895375462693,1.0058975096042337,-159.68133922508335
F1,Line 3,58,6,63,4,3,zpar show f1 6 63 4 3,0.123862,-2.934784,-0.129723,2.175852,-0.132,2.159198,0.24291,8.649223,0.24291,8.649223,8.652633343198415,88.39129360456577,-0.14871491743025297,-8.64339119552168,-0.94742320890952,-0.3376510874286061,1.005792719014277,-160.3844984280124
F1,Line 3,56,6,63,3,58,zpar show f1 6 63 3 58,0.124785,-2.940096,-0.130803,2.202545,-0.135331,2.181925,0.246775,8.434394,0.246775,8.434394,8.438003321157261,88.32410799260062,-0.15041889312136786,-8.428375404415789,-0.9502826764381191,-0.3297462922809002,1.005867676392574,-160.86332249354615
F1,Line 3,54,6,63,3,49,zpar show f1 6 63 3 49,0.124826,-2.948462,-0.132606,2.241782,-0.135475,2.21988,0.243913,8.118535,0.243913,8.118535,8.122198230638919,88.27912512657498,-0.1441341662999294,-8.112442174656453,-0.9540445668608394,-0.3179580434574454,1.0056333093906413,-161.56812193485572
F1,Line 3,52,6,63,3,40,zpar show f1 6 63 3 40,0.124827,-2.952406,-0.133967,2.287923,-0.1376,2.268217,0.24461,7.751084,0.24461,7.751084,7.754942761049626,88.19245014393996,-0.14056002070218893,-7.744838675327937,-0.9583853888958636,-0.30420275292733917,1.005505777476016,-162.38995179283012
F1,Line 3,50,6,63,3,32,zpar show f1 6 63 3 32,0.126454,-2.959351,-0.136799,2.324467,-0.140575,2.303626,0.247728,7.462175,0.247728,7.462175,7.4662858833967105,88.09860288522047,-0.14036232393335274,-7.4556753025278075,-0.9617648391890933,-0.29334913654878775,1.0055074946584643,-163.03770217585515
F1,Line 3,48,6,63,3,23,zpar show f1 6 63 3 23,0.125087,-2.966406,-0.140831,2.384429,-0.143008,2.364586,0.244066,7.021453,0.244066,7.021453,7.025693591636701,88.00919785169862,-0.13101939151367228,-7.014662866938425,-0.9663488482462257,-0.2765902587327542,1.0051528578940911,-164.02771554862042
F1,Line 3,46,6,63,3,14,zpar show f1 6 63 3 14,0.129408,-2.973859,-0.141178,2.435574,-0.145943,2.418225,0.245568,6.635039,0.245568,6.635039,6.639581777050796,87.88040569161606,-0.12746687587322403,-6.628108281101827,-0.970310759389136,-0.2618562211016592,1.005023208844434,-164.8974524151781
F1,Line 3,44,6,63,3,5,zpar show f1 6 63 3 5,0.130534,-2.982689,-0.144609,2.476705,-0.148162,2.458295,0.246561,6.298067,0.246561,6.298067,6.302891420864713,87.75809081301293,-0.12447275687069144,-6.290882365457214,-0.973593064554571,-0.24893254252475797,1.0049133624729056,-165.65763600496555
F1,Line 3,42,6,63,2,60,zpar show f1 6 63 2 60,0.128699,-2.9859,-0.146893,2.540038,-0.151465,2.515352,0.244814,5.826528,0.244814,5.826528,5.831668923162562,87.59401084067949,-0.11670236050549312,-5.8190750981268495,-0.9777653789371702,-0.23071380223665833,1.0046163420881844,-166.72331890440898
F1,Line 3,40,6,63,2,51,zpar show f1 6 63 2 51,0.13007,-2.992642,-0.150166,2.580538,-0.153849,2.559255,0.247373,5.482733,0.247373,5.482733,5.488310719193839,87.41664913213124,-0.11494337668747068,-5.475012679872766,-0.9807489707359559,-0.2173922706415517,1.004553603813319,-167.50192341508193
F1,Line 3,38,6,63,2,42,zpar show f1 6 63 2 42,0.129787,-3.001473,-0.152096,2.635038,-0.156543,2.613997,0.247662,5.072529,0.247662,5.072529,5.0785713465584985,87.2048009809315,-0.10954395417643845,-5.064598060222506,-0.9839464799703297,-0.201399070892721,1.0043466837713229,-168.43219593614745
F1,Line 3,36,6,63,2,33,zpar show f1 6 63 2 33,0.129575,-3.007142,-0.154613,2.679646,-0.158978,2.655738,0.250171,4.712533,0.250171,4.712533,4.719168656164982,86.96123077157513,-0.10747260407349646,-4.704361783463169,-0.9866457185122509,-0.1873206406499425,1.004270280488306,-169.2499945012515
F1,Line 3,34,6,63,2,24,zpar show f1 6 63 2 24,0.129128,-3.016174,-0.160157,2.74722,-0.160388,2.724679,0.245638,4.214137,0.245638,4.214137,4.221289931029732,86.66405867959918,-0.095545048609851,-4.205629206545,-0.9896981959134891,-0.16767907500632,1.0038021673563922,-170.38400791944386
F1,Line 3,32,6,63,2,15,zpar show f1 6 63 2 15,0.132617,-3.024433,-0.1659,2.80504,-0.166162,2.780246,0.246729,3.782269,0.246729,3.782269,3.790307901451015,86.26770876141595,-0.09034038638517586,-3.7731578945698416,-0.9922338971270693,-0.15061238876339844,1.0035996204946416,-171.36889014416735
F1,Line 3,30,6,63,2,6,zpar show f1 6 63 2 6,0.131761,-3.028367,-0.166923,2.851867,-0.167354,2.827738,0.252244,3.407217,0.252244,3.407217,3.4165413389310837,85.7659874833575,-0.09053174393694577,-3.3980014790682285,-0.9943832017425205,-0.13578419699005004,1.0036111299003907,-172.22428509821674
F1,Line 3,28,6,63,1,61,zpar show f1 6 63 1 61,0.134509,-3.038391,-0.17072,2.926053,-0.171378,2.903661,0.251428,2.844965,0.251428,2.844965,2.856053551740408,84.94952201638081,-0.0810451565513618,-2.83534944404638,-0.9968051113640385,-0.11341664263866354,1.003236644500638,-173.5087926857516
F1,Line 3,26,6,63,1,52,zpar show f1 6 63 1 52,0.134139,-3.046623,-0.173511,2.975438,-0.175271,2.951301,0.25419,2.465115,0.25419,2.465115,2.4781857314021076,84.11276030836606,-0.078090131620178,-2.455146631616547,-0.9982953203851712,-0.09827564766159427,1.0031209546342044,-174.37772044753422
F1,Line 3,24,6,63,1,43,zpar show f1 6 63 1 43,0.133119,-3.056447,-0.176498,3.036965,-0.179513,3.010257,0.254566,2.010502,0.254566,2.010502,2.0265542530018776,82.7837163246939,-0.07123796737699123,-2.0001515106099674,-0.9996445306064702,-0.08010597230434421,1.0028490187312618,-175.4184239571466
F1,Line 3,22,6,63,1,34,zpar show f1 6 63 1 34,0.135974,-3.061466,-0.178842,3.086101,-0.181413,3.058615,0.259847,1.615318,0.259847,1.615318,1.6360845652144635,80.86144492261725,-0.07054966402805338,-1.60474243382782,-1.00075920504743,-0.06430479756149166,1.0028230618990515,-176.32345597458647
F1,Line 3,20,6,63,1,25,zpar show f1 6 63 1 25,0.132285,-3.071482,-0.183473,3.162291,-0.185703,3.134558,0.25766,1.045814,0.25766,1.045814,1.077086625205234,76.15952757906712,-0.0588880758275937,-1.0347481370803517,-1.0014990728189974,-0.04146979026242074,1.0023572897733226,-177.62886713372575
F1,Line 3,18,6,63,1,16,zpar show f1 6 63 1 16,0.134745,-3.079404,-0.186073,3.212886,-0.189836,3.184854,0.261843,0.641923,0.261843,0.641923,0.6932725975963567,67.80925296544994,-0.056640224536708556,-0.6304794704829999,-1.001949142575905,-0.025272385378551435,1.0022678173878043,-178.55512221324304
F1,Line 3,16,6,63,1,8,zpar show f1 6 63 1 8,0.136276,-3.084509,-0.189515,3.273457,-0.192896,3.243556,0.265297,0.186397,0.265297,0.186397,0.32423192288545555,35.09178014231581,-0.05236583282972279,-0.1745777629270775,-1.0020723709725463,-0.006997675096535981,1.0020968037686264,-179.59989842651314
F1,Line 3,14,6,63,0,63,zpar show f1 6 63 0 63,0.131734,-3.098699,-0.191922,3.341017,-0.195401,3.310802,0.260084,-0.295588,0.260084,-0.295588,0.39372065325557914,-48.655875992849055,-0.038273911648240566,0.3076383709773164,-1.0014562449241229,0.012323928474408453,1.0015320712341504,179.294953272751
F1,Line 3,12,6,63,0,54,zpar show f1 6 63 0 54,0.137988,-3.107983,-0.196659,3.392932,-0.199274,3.365423,0.265441,-0.727298,0.265441,-0.727298,0.774223033295316,-69.9495007831437,-0.03643908327464737,0.7398572563127053,-1.0010198527336904,0.029630975673217343,1.0014583068137815,178.30449491008696
F1,Line 3,10,6,63,0,45,zpar show f1 6 63 0 45,0.139926,-3.113112,-0.199697,3.461483,-0.201786,3.431121,0.27029,-1.229452,0.27029,-1.229452,1.2588124977152078,-77.60100259086998,-0.032092130460618234,1.2423305756101668,-1.0000481851747087,0.04972633674444594,1.0012837166544009,177.15337257452933
F1,Line 3,8,6,63,0,36,zpar show f1 6 63 0 36,0.139076,-3.120287,-0.205097,3.516896,-0.206925,3.485249,0.275287,-1.671454,0.275287,-1.671454,1.6939720796060955,-80.64739806880388,-0.029461404825737253,1.6850017114315707,-0.9989063308096743,0.06740292746676482,1.0011778125601547,176.13972012135747
F1,Line 3,6,6,63,0,27,zpar show f1 6 63 0 27,0.139628,-3.134346,-0.209957,3.600276,-0.210469,3.570899,0.273759,-2.306233,0.273759,-2.306233,2.3224243023982503,-83.23044101406974,-0.015919093583052712,2.3202586123935194,-0.996335239613173,0.09266978503834983,1.0006355973850285,174.68617057784616
F1,Line 3,4,6,63,0,18,zpar show f1 6 63 0 18,0.139126,-3.144318,-0.214298,3.657931,-0.214835,3.627467,0.280066,-2.762597,0.280066,-2.762597,2.7767569480898033,-84.21125717821054,-0.013949587375448824,2.777166658430781,-0.9944018514989656,0.11080664064822093,1.0005564221353611,173.64173554173667
F1,Line 3,2,6,63,0,9,zpar show f1 6 63 0 9,0.140058,-3.152032,-0.217961,3.731204,-0.218776,3.700688,0.284696,-3.321442,0.284696,-3.321442,3.3336209700234365,-85.10089091102282,-0.007765250836973547,3.3364843151379953,-0.9914403162056745,0.13290882899898618,1.000309280884612,172.36466061396925
F1,Line 3,0,6,63,0,0,zpar show f1 6 63 0 0,0.14282,-3.160222,-0.221219,3.789875,-0.221581,3.760021,0.286477,-3.791912,0.286477,-3.791912,3.8027181971943436,-85.67954086954235,-0.0006667607030302891,3.8073225902484347,-0.9884964995671623,0.1514189720730453,1.000026517028519,171.29106571034626
F1,Line 4,100,6,63,0,0,zpar show f1 6 63 0 0,0.14282,-3.160222,-0.221219,3.789875,-0.221581,3.760021,0.286477,-3.791912,0.286477,-3.791912,3.8027181971943436,-85.67954086954235,-0.0006667607030302891,3.8073225902484347,-0.9884964995671623,0.1514189720730453,1.000026517028519,171.29106571034626
F1,Line 4,98,6,54,0,0,zpar show f1 6 54 0 0,0.146143,-3.34903,-0.229936,3.944425,-0.229835,3.9106,0.290898,-3.918308,0.290898,-3.918308,3.9290913999636103,-85.75410941692935,0.01848472166458559,3.9337455743714003,-0.9869711348785948,0.15626700712200764,0.9992654295022974,171.003050407195
F1,Line 4,96,6,45,0,0,zpar show f1 6 45 0 0,0.146688,-3.577688,-0.235559,4.126163,-0.237464,4.092794,0.295467,-4.067033,0.295467,-4.067033,4.077751607341723,-85.84480314284093,0.043209523836777786,4.081720704144219,-0.9850671066047526,0.16190986919583705,0.9982845337165512,170.6660759007181
F1,Line 4,94,6,36,0,0,zpar show f1 6 36 0 0,0.151608,-3.784233,-0.244769,4.292365,-0.245557,4.257369,0.299347,-4.204396,0.299347,-4.204396,4.215039068766148,-85.92749441960981,0.06712263983442834,4.218624858585979,-0.9832384080400912,0.16710644445949893,0.9973376212823362,170.35445148403792
F1,Line 4,92,6,27,0,0,zpar show f1 6 27 0 0,0.154064,-4.001129,-0.250178,4.470426,-0.255414,4.43113,0.302884,-4.345014,0.302884,-4.345014,4.355557986946334,-86.0124530362659,0.09430410061865446,4.358278467531792,-0.9812384341578163,0.17237067091086264,0.996263274872031,170.03670865868517
F1,Line 4,90,6,18,0,0,zpar show f1 6 18 0 0,0.159479,-4.219589,-0.259559,4.646408,-0.262694,4.604284,0.308236,-4.485635,0.308236,-4.485635,4.496212938120369,-86.06902857214564,0.12066187437424436,4.497791656650421,-0.9792460056646213,0.17761609359928568,0.9952237016448039,169.71943231590862
F1,Line 4,88,6,9,0,0,zpar show f1 6 9 0 0,0.160293,-4.499994,-0.269633,4.86672,-0.271312,4.824092,0.317994,-4.671512,0.317994,-4.671512,4.682322559390799,-86.10583236193422,0.15251125029787566,4.68162167282707,-0.9766936013689639,0.18451980517032576,0.9939707990958142,169.30160671878187
F1,Line 4,86,6,0,0,0,zpar show f1 6 0 0 0,0.169537,-4.73747,-0.279445,5.059221,-0.281645,5.015716,0.321531,-4.829924,0.321531,-4.829924,4.840614426881881,-86.19140433550574,0.18692554660068283,4.838306892616123,-0.9742024636552379,0.1903244178297716,0.9926196775271869,168.9456821280305
F1,Line 4,84,5,55,0,0,zpar show f1 5 55 0 0,0.167375,-4.658387,-0.278855,4.994532,-0.277922,4.951946,0.315049,-4.772743,0.315049,-4.772743,4.783129897509579,-86.22338173891748,0.18057348121854705,4.781977189467598,-0.9748688518481577,0.18819589228613637,0.9928680537599749,169.0736081952887
F1,Line 4,82,5,47,0,0,zpar show f1 5 47 0 0,0.166077,-4.926736,-0.28627,5.212786,-0.286252,5.169066,0.317891,-4.942762,0.317891,-4.942762,4.952973942645469,-86.32012184725136,0.2217863737109776,4.949044286795777,-0.9720177050334756,0.19433006392749083,0.9912530416823988,168.69423212616846
F1,Line 4,80,5,38,0,0,zpar show f1 5 38 0 0,0.170923,-5.193094,-0.295837,5.425399,-0.296415,5.378489,0.323664,-5.115726,0.323664,-5.115726,5.125954632258464,-86.37981071831969,0.26053325513951303,5.119048044965765,-0.9692051913131414,0.20056404761079943,0.9897396829784941,168.30842926703886
F1,Line 4,78,5,29,0,0,zpar show f1 5 29 0 0,0.177169,-5.483884,-0.302956,5.663419,-0.306089,5.613229,0.328045,-5.308868,0.328045,-5.308868,5.318993604381284,-86.46408111324489,0.308036454896459,5.307781645633899,-0.9658710103236641,0.20741048153677516,0.9878896276583596,167.8803966892067
F1,Line 4,76,5,20,0,0,zpar show f1 5 20 0 0,0.18367,-5.769084,-0.315995,5.887489,-0.316076,5.836135,0.333473,-5.496853,0.333473,-5.496853,5.506958974364889,-86.52833953563574,0.35365720119300526,5.491653331595476,-0.9626089236227848,0.2140453828600303,0.9861193466117139,167.46368904769466
F1,Line 4,74,5,11,0,0,zpar show f1 5 11 0 0,0.190881,-6.145369,-0.330573,6.184015,-0.328416,6.130121,0.343484,-5.749695,0.343484,-5.749695,5.759945646556138,-86.5812409314111,0.4139376790832382,5.73770414854581,-0.9582134300161107,0.2228679178496948,0.9837901637391473,166.9065421307007
F1,Line 4,72,5,2,0,0,zpar show f1 5 2 0 0,0.197798,-6.460091,-0.343575,6.433984,-0.339599,6.376426,0.351027,-5.955359,0.351027,-5.955359,5.965695330270395,-86.62671519646378,0.4680212777249545,5.936978862669315,-0.9544061224196018,0.2299132707031255,0.9817082858759156,166.4556984686828
F1,Line 4,70,4,57,0,0,zpar show f1 4 57 0 0,0.201307,-6.647189,-0.349416,6.581393,-0.34904,6.525381,0.352402,-6.075926,0.352402,-6.075926,6.0861370282864975,-86.680579702066,0.5045435086790151,6.053454791394695,-0.9519771372699622,0.23396321466145284,0.9803056950255026,166.19232593407088
F1,Line 4,68,4,48,0,0,zpar show f1 4 48 0 0,0.209306,-6.965528,-0.362272,6.839382,-0.361174,6.780088,0.35988,-6.288257,0.35988,-6.288257,6.29854663493484,-86.72450771727065,0.5645723850716132,6.257872688054497,-0.9478351492445256,0.24106412466940133,0.9780099091246555,165.73042955220163
F1,Line 4,66,4,39,0,0,zpar show f1 4 39 0 0,0.216358,-7.429566,-0.378744,7.209671,-0.373679,7.146514,0.367397,-6.589755,0.367397,-6.589755,6.599988751174808,-86.80890603817721,0.658070004577952,6.545202758456298,-0.9416068167900749,0.250862504077702,0.9744513294042307,165.08180012352176
F1,Line 4,64,4,30,0,0,zpar show f1 4 30 0 0,0.216035,-7.86449,-0.389885,7.555345,-0.387507,7.489957,0.376404,-6.869715,0.376404,-6.869715,6.8800191970982905,-86.86379745956992,0.7477594639106164,6.80959521322869,-0.9356772157144516,0.25973911837149766,0.9710593502044822,164.4856229605575
F1,Line 4,62,4,21,0,0,zpar show f1 4 21 0 0,0.229852,-8.256387,-0.407875,7.869847,-0.403154,7.801309,0.389078,-7.130041,0.389078,-7.130041,7.140648874700744,-86.87653415932974,0.8288550939468244,7.0556789997519935,-0.9301937205184297,0.26793496084347,0.9680131718804813,163.93137162194228
F1,Line 4,60,4,12,0,0,zpar show f1 4 12 0 0,0.244107,-8.805434,-0.430892,8.306382,-0.42082,8.237782,0.39862,-7.489675,0.39862,-7.489675,7.500275295615822,-86.95344390146646,0.9556173179457477,7.391604982671112,-0.9220478479314336,0.27881162465475207,0.9632798948995097,163.1755741039153
F1,Line 4,58,4,3,0,0,zpar show f1 4 3 0 0,0.258648,-9.249071,-0.448723,8.659821,-0.437438,8.588852,0.409004,-7.784512,0.409004,-7.784512,7.795249280822262,-86.99240298553437,1.0601165315551317,7.664976650632795,-0.915314096102609,0.28752064864915855,0.9594102448503296,162.56132869944406
F1,Line 4,56,3,58,0,0,zpar show f1 3 58 0 0,0.267219,-9.688788,-0.464233,9.007956,-0.451059,8.935367,0.421938,-8.066756,0.421938,-8.066756,8.07778336175092,-87.0058279017096,1.1642528231134799,7.9228457939977055,-0.9087205920670366,0.2955676684472862,0.9555801175610711,161.98252484334384
F1,Line 4,54,3,49,0,0,zpar show f1 3 49 0 0,0.279066,-10.159032,-0.484162,9.385421,-0.469764,9.310628,0.435474,-8.380108,0.435474,-8.380108,8.391415118818756,-87.02528897147845,1.2823712526053708,8.20845274292285,-0.9012763171541288,0.30432556879485523,0.9512691794046636,161.34219708616726
F1,Line 4,52,3,40,0,0,zpar show f1 3 40 0 0,0.290213,-10.869744,-0.508796,9.952371,-0.493817,9.873689,0.445584,-8.844838,0.445584,-8.844838,8.856054671652608,-87.11599945589211,1.4779146437219413,8.624165270441658,-0.8895471695564141,0.3165584151831436,0.9441945758629898,160.4111521778171
F1,Line 4,50,3,32,0,0,zpar show f1 3 32 0 0,0.308763,-11.344153,-0.531192,10.335167,-0.51375,10.254841,0.457187,-9.157581,0.457187,-9.157581,9.16898629754293,-87.14191390702624,1.6117918418388382,8.901724399190071,-0.8815697331512443,0.3245230325212681,0.9394042756157522,159.79035353043935
F1,Line 4,48,3,23,0,0,zpar show f1 3 23 0 0,0.320108,-12.07653,-0.552136,10.924443,-0.535828,10.837768,0.476416,-9.635769,0.476416,-9.635769,9.647539397505303,-87.16946141473727,1.8228721025782466,9.315118596146922,-0.8692547170680102,0.33599699648891695,0.9319322640592286,158.86675976100955
F1,Line 4,46,3,14,0,0,zpar show f1 3 14 0 0,0.336995,-12.960843,-0.585477,11.622169,-0.562532,11.534689,0.497038,-10.213685,0.497038,-10.213685,10.225771758291351,-87.21396037923147,2.0893735586339757,9.806320663885437,-0.8540661968425629,0.3490456194072439,0.9226385603347098,157.7708113009265
F1,Line 4,44,3,5,0,0,zpar show f1 3 5 0 0,0.364706,-13.655813,-0.61615,12.178501,-0.589167,12.085654,0.517638,-10.67125,0.517638,-10.67125,10.683797342777709,-87.22288922247316,2.307579289157891,10.188551290200072,-0.841887883538842,0.35876577404764987,0.91514375323089,156.91899499780135
F1,Line 4,42,2,60,0,0,zpar show f1 2 60 0 0,0.380929,-14.488193,-0.642867,12.848901,-0.616469,12.757788,0.540808,-11.227708,0.540808,-11.227708,11.240725075640272,-87.24235027954128,2.5833616410999447,10.64041238787071,-0.8269350520634339,0.3696861850045148,0.9058087302043111,155.91268781195834
F1,Line 4,40,2,51,0,0,zpar show f1 2 51 0 0,0.407897,-15.256433,-0.67399,13.462499,-0.644112,13.367571,0.559739,-11.733588,0.559739,-11.733588,11.746931305743853,-87.26883302433258,2.8475410552773117,11.041905827509822,-0.8130845962819833,0.3788238576420038,0.8970028293321068,155.01873998115127
F1,Line 4,38,2,42,0,0,zpar show f1 2 42 0 0,0.441806,-16.463726,-0.720779,14.427335,-0.686027,14.323148,0.601394,-12.52327,0.601394,-12.52327,12.537701792439314,-87.25064723664343,3.266993670061427,11.646185798317171,-0.7916879092143095,0.39173095468003,0.883302262224349,153.67357508619284
F1,Line 4,36,2,33,0,0,zpar show f1 2 33 0 0,0.472166,-17.374558,-0.76005,15.151938,-0.720201,15.047631,0.628864,-13.127455,0.628864,-13.127455,13.142509071996907,-87.25737174569207,3.6012939132511708,12.094748195744165,-0.7752407694424325,0.4005703692148617,0.8726138156702685,152.67439922059336
F1,Line 4,34,2,24,0,0,zpar show f1 2 24 0 0,0.516677,-18.712548,-0.810532,16.214716,-0.762292,16.10972,0.673792,-14.00412,0.673792,-14.00412,14.020319990416196,-87.24540425250981,4.103619119831027,12.711164330158267,-0.7516204273976315,0.4115276474832409,0.8569062209626493,151.29838813050688
F1,Line 4,32,2,15,0,0,zpar show f1 2 15 0 0,0.563604,-20.317121,-0.872453,17.4898,-0.820584,17.384741,0.726106,-15.051853,0.726106,-15.051853,15.069356610580458,-87.23817508789335,4.73317754917571,13.405339266291755,-0.7236495098816025,0.42215905399207665,0.8377868941558877,149.7417804025703
F1,Line 4,30,2,6,0,0,zpar show f1 2 6 0 0,0.624721,-21.60196,-0.934265,18.521783,-0.876956,18.414276,0.779676,-15.900314,0.779676,-15.900314,15.919418329938187,-87.19273520784496,5.252987100258592,13.938385953262804,-0.7015729669643672,0.42924703234871536,0.8224704509922312,148.54023792881938
F1,Line 4,28,1,61,0,0,zpar show f1 1 61 0 0,0.686411,-24.16779,-1.018057,20.592565,-0.950669,20.477716,0.857095,-17.611899,0.857095,-17.611899,17.632742220801223,-87.21386019098956,6.346105292453333,14.901464829366958,-0.6587325988972251,0.438673540176378,0.7914310530303753,146.3389378609964
F1,Line 4,26,1,52,0,0,zpar show f1 1 52 0 0,0.759142,-25.755073,-1.093565,21.870963,-1.02197,21.751855,0.922691,-18.664539,0.922691,-18.664539,18.68733193272924,-87.16985793121096,7.0303315484787055,15.441765324193415,-0.6336824292101361,0.442342521973188,0.7728003156283384,145.08300239018206
F1,Line 4,24,1,43,0,0,zpar show f1 1 43 0 0,0.862805,-28.401588,-1.206321,23.987623,-1.124047,23.867988,1.031841,-20.400926,1.031841,-20.400926,20.42700363506006,-87.10455304992763,8.172970730956719,16.21518443339713,-0.595079362990279,0.44461380829961983,0.7428330140668273,143.2347366979343
F1,Line 4,22,1,34,0,0,zpar show f1 1 34 0 0,0.964713,-30.447133,-1.30816,25.634093,-1.216567,25.509515,1.126551,-21.752775,1.126551,-21.752775,21.78192685131933,-87.03536657236488,9.06479398626843,16.741259160709266,-0.5671545036635914,0.4441925201128161,0.7203965754708092,141.93213358554095
F1,Line 4,20,1,25,0,0,zpar show f1 1 25 0 0,1.099427,-33.684678,-1.445806,28.228515,-1.343004,28.107408,1.260258,-23.877153,1.260258,-23.877153,23.910388654557103,-86.97867983263706,10.467206229137657,17.40510228138956,-0.5272502372417288,0.43960930636910384,0.686475895365441,140.17941819992114
F1,Line 4,18,1,16,0,0,zpar show f1 1 16 0 0,1.234109,-36.262925,-1.582375,30.305065,-1.462105,30.179525,1.382087,-25.576653,1.382087,-25.576653,25.613967735553544,-86.90691308941247,11.56813554094806,17.834593374717876,-0.49847920609170854,0.4340681601985728,0.6609816083704553,138.95114422670832
F1,Line 4,16,1,8,0,0,zpar show f1 1 8 0 0,1.477794,-40.87114,-1.815694,33.994993,-1.689476,33.88261,1.606648,-28.598675,1.606648,-28.598675,28.64376947176347,-86.78455422316084,13.450472737253731,18.367328280640365,-0.4541783486799613,0.42094833902037215,0.6192539677173386,137.17457090657186
F1,Line 4,14,0,63,0,0,zpar show f1 0 63 0 0,1.738803,-46.186305,-2.069623,38.327168,-1.936055,38.216553,1.858504,-32.17851,1.858504,-32.17851,32.232135252541305,-86.69449363704807,15.526315712375045,18.717525530551242,-0.4109753988845212,0.40304368961511855,0.5756257414560778,135.558265881306
F1,Line 4,12,0,54,0,0,zpar show f1 0 54 0 0,2.058806,-51.165815,-2.371139,42.35085,-2.21765,42.24076,2.142825,-35.463765,2.142825,-35.463765,35.528443914078906,-86.54222440831137,17.27048105548748,18.7929338512115,-0.3789195774787182,0.3852201440974262,0.5403467457245321,134.5275894117855
F1,Line 4,10,0,45,0,0,zpar show f1 0 45 0 0,2.602974,-59.76341,-2.887254,49.279785,-2.711153,49.1724,2.629704,-41.096763,2.629704,-41.096763,41.18081194204147,-86.33874315868624,19.877683811947715,18.531212150823745,-0.33704016911215784,0.3545763636738382,0.4892039178822201,133.54755539189725
F1,Line 4,8,0,36,0,0,zpar show f1 0 36 0 0,3.228351,-67.586715,-3.44536,55.60509,-3.267334,55.504675,3.148733,-46.25338,3.148733,-46.25338,46.36043227720907,-86.10555609716658,21.87229595661696,18.070170874541162,-0.3086348924566265,0.32901768065614356,0.45111875490391823,133.1691437173306
F1,Line 4,6,0,27,0,0,zpar show f1 0 27 0 0,4.312348,-81.09448,-4.435549,66.508985,-4.243591,66.42373,4.071751,-55.1098,4.071751,-55.1098,55.26001458781929,-85.77441719784555,24.525598059708123,16.97642181648962,-0.2756288032816177,0.2905795217962913,0.4005092953800424,133.48745764857335
F1,Line 4,4,0,18,0,0,zpar show f1 0 18 0 0,5.566447,-94.00268,-5.570543,76.9506,-5.340579,76.87657,5.08567,-63.59157,5.08567,-63.59157,63.794606468053395,-85.4275609468037,26.40318487515757,15.861158904561222,-0.25476919061353454,0.26048774738106617,0.3643641132459914,134.36413138434312
F1,Line 4,2,0,9,0,0,zpar show f1 0 9 0 0,9.602216,-127.035225,-9.116776,103.63155,-8.869195,103.611331,8.224217,-85.22487,8.224217,-85.22487,85.62076974531348,-84.4880132726619,29.325741078002014,13.279397637247442,-0.22626025740741681,0.20528011895727805,0.30550553402710195,137.7833494157179
F1,Line 4,0,0,0,0,0,zpar show f1 0 0 0 0,13.560775,-155.496538,-12.575876,126.653675,-12.297525,126.671375,11.246316,-103.898319,11.246316,-103.898319,104.50521668604691,-83.82215817058683,30.6586680007987,11.53769119669981,-0.21493310140058497,0.17378817796085996,0.27640291039826204,141.04208061007057
