timestamp,firmware,Fx,Pfwd,Pref,LoadR,Load X,Inp R,Inp X,C1 %,C2 %,V_Tune,V_NG,I_Tune,P_Tune,Rs,Xs,Rl,Xl,C1c,C1f,C2c,C2f,C1%,C2%,Vpp_Tune,Vpp_NG,Vcap,VBias,IBias,Iout,PhOut,Pout,Eff%,HVDC,DcBias,DcBias_RNG,Amb.Temp,PA.Temp
2026-09-28 11:42:45.937,DEMO_MODE,F1,0,0,0.10,-14.44,0.54,50.00,0.0,0.0,0.00,0.00,0.00,89.38,0.54,50.00,0.10,-14.44,6,63,6,63,0.0%,0.0%,0.000,0.000,0.00,-4.90,0.00,0.00,0.00,0.00,0.0%,1200.00,-50.00,HI,-50.00,-50.00
2026-09-28 11:42:46.058,DEMO_MODE,F1,0,0,0.10,-14.44,0.54,50.00,0.0,0.0,0.00,0.00,0.00,89.38,0.54,50.00,0.10,-14.44,6,63,6,63,0.0%,0.0%,0.000,0.000,0.00,-4.90,0.00,0.00,0.00,0.00,0.0%,1200.00,-50.00,HI,-50.00,-50.00
2026-09-28 11:42:46.179,DEMO_MODE,F1,0,0,0.10,-14.44,0.54,50.00,0.0,0.0,0.00,0.00,0.00,89.38,0.54,50.00,0.10,-14.44,6,63,6,63,0.0%,0.0%,0.000,0.000,0.00,-4.90,0.00,0.00,0.00,0.00,0.0%,1200.00,-50.00,HI,-50.00,-50.00
2026-09-28 11:42:46.300,DEMO_MODE,F1,0,0,0.10,-14.44,0.54,50.00,0.0,0.0,0.00,0.00,0.00,89.38,0.54,50.00,0.10,-14.44,6,63,6,63,0.0%,0.0%,0.000,0.000,0.00,-4.90,0.00,0.00,0.00,0.00,0.0%,1200.00,-50.00,HI,-50.00,-50.00
2026-09-28 11:42:46.421,DEMO_MODE,F1,0,0,0.10,-14.44,0.54,50.00,0.0,0.0,0.00,0.00,0.00,89.38,0.54,50.00,0.10,-14.44,6,63,6,63,0.0%,0.0%,0.000,0.000,0.00,-4.90,0.00,0.00,0.00,0.00,0.0%,1200.00,-50.00,HI,-50.00,-50.00
2026-09-28 11:42:46.542,DEMO_MODE,F1,0,0,0.10,-14.44,0.54,50.00,0.0,0.0,0.00,0.00,0.00,89.38,0.54,50.00,0.10,-14.44,6,63,6,63,0.0%,0.0%,0.000,0.000,0.00,-4.90,0.00,0.00,0.00,0.00,0.0%,1200.00,-50.00,HI,-50.00,-50.00
2026-09-28 11:42:46.662,DEMO_MODE,F1,0,0,0.10,-14.44,0.54,50.00,0.0,0.0,0.00,0.00,0.00,89.38,0.54,50.00,0.10,-14.44,6,63,6,63,0.0%,0.0%,0.000,0.000,0.00,-4.90,0.00,0.00,0.00,0.00,0.0%,1200.00,-50.00,HI,-50.00,-50.00
2026-09-28 11:42:46.783,DEMO_MODE,F1,0,0,0.10,-14.44,0.54,50.00,0.0,0.0,0.00,0.00,0.00,89.38,0.54,50.00,0.10,-14.44,6,63,6,63,0.0%,0.0%,0.000,0.000,0.00,-4.90,0.00,0.00,0.00,0.00,0.0%,1200.00,-50.00,HI,-50.00,-50.00
2026-09-28 11:42:46.904,DEMO_MODE,F1,0,0,0.10,-14.44,0.54,50.00,0.0,0.0,0.00,0.00,0.00,89.38,0.54,50.00,0.10,-14.44,6,63,6,63,0.0%,0.0%,0.000,0.000,0.00,-4.90,0.00,0.00,0.00,0.00,0.0%,1200.00,-50.00,HI,-50.00,-50.00
2026-09-28 11:42:47.025,DEMO_MODE,F1,0,0,0.10,-14.44,0.54,50.00,0.0,0.0,0.00,0.00,0.00,89.38,0.54,50.00,0.10,-14.44,6,63,6,63,0.0%,0.0%,0.000,0.000,0.00,-4.90,0.00,0.00,0.00,0.00,0.0%,1200.00,-50.00,HI,-50.00,-50.00
2026-09-28 11:42:47.146,DEMO_MODE,F1,0,0,0.10,-14.44,0.54,50.00,0.0,0.0,0.00,0.00,0.00,89.38,0.54,50.00,0.10,-14.44,6,63,6,63,0.0%,0.0%,0.000,0.000,0.00,-4.90,0.00,0.00,0.00,0.00,0.0%,1200.00,-50.00,HI,-50.00,-50.00
2026-09-28 11:42:47.266,DEMO_MODE,F1,0,0,0.10,-14.44,0.54,50.00,0.0,0.0,0.00,0.00,0.00,89.38,0.54,50.00,0.10,-14.44,6,63,6,63,0.0%,0.0%,0.000,0.000,0.00,-4.90,0.00,0.00,0.00,0.00,0.0%,1200.00,-50.00,HI,-50.00,-50.00
2026-09-28 11:42:47.387,DEMO_MODE,F1,0,0,0.10,-14.44,0.54,50.00,0.0,0.0,0.00,0.00,0.00,89.38,0.54,50.00,0.10,-14.44,6,63,6,63,0.0%,0.0%,0.000,0.000,0.00,-4.90,0.00,0.00,0.00,0.00,0.0%,1200.00,-50.00,HI,-50.00,-50.00
2026-09-28 11:42:47.508,DEMO_MODE,F1,0,0,0.10,-14.44,0.54,50.00,0.0,0.0,0.00,0.00,0.00,89.38,0.54,50.00,0.10,-14.44,6,63,6,63,0.0%,0.0%,0.000,0.000,0.00,-4.90,0.00,0.00,0.00,0.00,0.0%,1200.00,-50.00,HI,-50.00,-50.00
2026-09-28 11:42:47.629,DEMO_MODE,F1,0,0,0.10,-14.44,0.54,50.00,0.0,0.0,0.00,0.00,0.00,89.38,0.54,50.00,0.10,-14.44,6,63,6,63,0.0%,0.0%,0.000,0.000,0.00,-4.90,0.00,0.00,0.00,0.00,0.0%,1200.00,-50.00,HI,-50.00,-50.00
2026-09-28 11:42:47.750,DEMO_MODE,F1,0,0,0.10,-14.44,0.54,50.00,0.0,0.0,0.00,0.00,0.00,89.38,0.54,50.00,0.10,-14.44,6,63,6,63,0.0%,0.0%,0.000,0.000,0.00,-4.90,0.00,0.00,0.00,0.00,0.0%,1200.00,-50.00,HI,-50.00,-50.00
2026-09-28 11:42:47.871,DEMO_MODE,F1,0,0,0.10,-14.44,0.54,50.00,0.0,0.0,0.00,0.00,0.00,89.38,0.54,50.00,0.10,-14.44,6,63,6,63,0.0%,0.0%,0.000,0.000,0.00,-4.90,0.00,0.00,0.00,0.00,0.0%,1200.00,-50.00,HI,-50.00,-50.00
2026-09-28 11:42:47.992,DEMO_MODE,F1,0,0,0.10,-14.44,0.54,50.00,0.0,0.0,0.00,0.00,0.00,89.38,0.54,50.00,0.10,-14.44,6,63,6,63,0.0%,0.0%,0.000,0.000,0.00,-4.90,0.00,0.00,0.00,0.00,0.0%,1200.00,-50.00,HI,-50.00,-50.00
2026-09-28 11:42:48.113,DEMO_MODE,F1,0,0,0.10,-14.44,0.54,50.00,0.0,0.0,0.00,0.00,0.00,89.38,0.54,50.00,0.10,-14.44,6,63,6,63,0.0%,0.0%,0.000,0.000,0.00,-4.90,0.00,0.00,0.00,0.00,0.0%,1200.00,-50.00,HI,-50.00,-50.00
2026-09-28 11:42:48.234,DEMO_MODE,F1,0,0,0.10,-14.44,0.54,50.00,0.0,0.0,0.00,0.00,0.00,89.38,0.54,50.00,0.10,-14.44,6,63,6,63,0.0%,0.0%,0.000,0.000,0.00,-4.90,0.00,0.00,0.00,0.00,0.0%,1200.00,-50.00,HI,-50.00,-50.00
2026-09-28 11:42:48.354,DEMO_MODE,F1,0,0,0.10,-14.44,0.54,50.00,0.0,0.0,0.00,0.00,0.00,89.38,0.54,50.00,0.10,-14.44,6,63,6,63,0.0%,0.0%,0.000,0.000,0.00,-4.90,0.00,0.00,0.00,0.00,0.0%,1200.00,-50.00,HI,-50.00,-50.00
2026-09-28 11:42:48.475,DEMO_MODE,F1,0,0,0.10,-14.44,0.54,50.00,0.0,0.0,0.00,0.00,0.00,89.38,0.54,50.00,0.10,-14.44,6,63,6,63,0.0%,0.0%,0.000,0.000,0.00,-4.90,0.00,0.00,0.00,0.00,0.0%,1200.00,-50.00,HI,-50.00,-50.00
2026-09-28 11:42:48.596,DEMO_MODE,F1,0,0,0.10,-14.44,0.54,50.00,0.0,0.0,0.00,0.00,0.00,89.38,0.54,50.00,0.10,-14.44,6,63,6,63,0.0%,0.0%,0.000,0.000,0.00,-4.90,0.00,0.00,0.00,0.00,0.0%,1200.00,-50.00,HI,-50.00,-50.00
2026-09-28 11:42:48.716,DEMO_MODE,F1,0,0,0.10,-14.44,0.54,50.00,0.0,0.0,0.00,0.00,0.00,89.38,0.54,50.00,0.10,-14.44,6,63,6,63,0.0%,0.0%,0.000,0.000,0.00,-4.90,0.00,0.00,0.00,0.00,0.0%,1200.00,-50.00,HI,-50.00,-50.00
2026-09-28 11:42:48.837,DEMO_MODE,F1,0,0,0.10,-14.44,0.54,50.00,0.0,0.0,0.00,0.00,0.00,89.38,0.54,50.00,0.10,-14.44,6,63,6,63,0.0%,0.0%,0.000,0.000,0.00,-4.90,0.00,0.00,0.00,0.00,0.0%,1200.00,-50.00,HI,-50.00,-50.00
2026-09-28 11:42:48.958,DEMO_MODE,F1,0,0,0.10,-14.44,0.54,50.00,0.0,0.0,0.00,0.00,0.00,89.38,0.54,50.00,0.10,-14.44,6,63,6,63,0.0%,0.0%,0.000,0.000,0.00,-4.90,0.00,0.00,0.00,0.00,0.0%,1200.00,-50.00,HI,-50.00,-50.00
2026-09-28 11:42:49.079,DEMO_MODE,F1,0,0,0.10,-14.44,0.54,50.00,0.0,0.0,0.00,0.00,0.00,89.38,0.54,50.00,0.10,-14.44,6,63,6,63,0.0%,0.0%,0.000,0.000,0.00,-4.90,0.00,0.00,0.00,0.00,0.0%,1200.00,-50.00,HI,-50.00,-50.00
2026-09-28 11:42:49.200,DEMO_MODE,F1,0,0,0.10,-14.44,0.54,50.00,0.0,0.0,0.00,0.00,0.00,89.38,0.54,50.00,0.10,-14.44,6,63,6,63,0.0%,0.0%,0.000,0.000,0.00,-4.90,0.00,0.00,0.00,0.00,0.0%,1200.00,-50.00,HI,-50.00,-50.00
2026-09-28 11:42:49.321,DEMO_MODE,F1,0,0,0.10,-14.44,0.54,50.00,0.0,0.0,0.00,0.00,0.00,89.38,0.54,50.00,0.10,-14.44,6,63,6,63,0.0%,0.0%,0.000,0.000,0.00,-4.90,0.00,0.00,0.00,0.00,0.0%,1200.00,-50.00,HI,-50.00,-50.00
2026-09-28 11:42:49.441,DEMO_MODE,F1,0,0,0.10,-14.44,0.54,50.00,0.0,0.0,0.00,0.00,0.00,89.38,0.54,50.00,0.10,-14.44,6,63,6,63,0.0%,0.0%,0.000,0.000,0.00,-4.90,0.00,0.00,0.00,0.00,0.0%,1200.00,-50.00,HI,-50.00,-50.00
2026-09-28 11:42:49.562,DEMO_MODE,F1,0,0,0.10,-14.44,0.54,50.00,0.0,0.0,0.00,0.00,0.00,89.38,0.54,50.00,0.10,-14.44,6,63,6,63,0.0%,0.0%,0.000,0.000,0.00,-4.90,0.00,0.00,0.00,0.00,0.0%,1200.00,-50.00,HI,-50.00,-50.00
2026-09-28 11:42:49.683,DEMO_MODE,F1,0,0,0.10,-14.44,0.54,50.00,0.0,0.0,0.00,0.00,0.00,89.38,0.54,50.00,0.10,-14.44,6,63,6,63,0.0%,0.0%,0.000,0.000,0.00,-4.90,0.00,0.00,0.00,0.00,0.0%,1200.00,-50.00,HI,-50.00,-50.00
2026-09-28 11:42:49.804,DEMO_MODE,F1,0,0,0.10,-14.44,0.54,50.00,0.0,0.0,0.00,0.00,0.00,89.38,0.54,50.00,0.10,-14.44,6,63,6,63,0.0%,0.0%,0.000,0.000,0.00,-4.90,0.00,0.00,0.00,0.00,0.0%,1200.00,-50.00,HI,-50.00,-50.00
2026-09-28 11:42:49.925,DEMO_MODE,F1,0,0,0.10,-14.44,0.54,50.00,0.0,0.0,0.00,0.00,0.00,89.38,0.54,50.00,0.10,-14.44,6,63,6,63,0.0%,0.0%,0.000,0.000,0.00,-4.90,0.00,0.00,0.00,0.00,0.0%,1200.00,-50.00,HI,-50.00,-50.00
2026-09-28 11:42:50.046,DEMO_MODE,F1,0,0,0.10,-14.44,0.54,50.00,0.0,0.0,0.00,0.00,0.00,89.38,0.54,50.00,0.10,-14.44,6,63,6,63,0.0%,0.0%,0.000,0.000,0.00,-4.90,0.00,0.00,0.00,0.00,0.0%,1200.00,-50.00,HI,-50.00,-50.00
2026-09-28 11:42:50.166,DEMO_MODE,F1,0,0,0.10,-14.44,0.54,50.00,0.0,0.0,0.00,0.00,0.00,89.38,0.54,50.00,0.10,-14.44,6,63,6,63,0.0%,0.0%,0.000,0.000,0.00,-4.90,0.00,0.00,0.00,0.00,0.0%,1200.00,-50.00,HI,-50.00,-50.00
2026-09-28 11:42:50.287,DEMO_MODE,F1,0,0,0.10,-14.44,0.54,50.00,0.0,0.0,0.00,0.00,0.00,89.38,0.54,50.00,0.10,-14.44,6,63,6,63,0.0%,0.0%,0.000,0.000,0.00,-4.90,0.00,0.00,0.00,0.00,0.0%,1200.00,-50.00,HI,-50.00,-50.00
2026-09-28 11:42:50.408,DEMO_MODE,F1,0,0,0.10,-14.44,0.54,50.00,0.0,0.0,0.00,0.00,0.00,89.38,0.54,50.00,0.10,-14.44,6,63,6,63,0.0%,0.0%,0.000,0.000,0.00,-4.90,0.00,0.00,0.00,0.00,0.0%,1200.00,-50.00,HI,-50.00,-50.00
2026-09-28 11:42:50.529,DEMO_MODE,F1,0,0,0.10,-14.44,0.54,50.00,0.0,0.0,0.00,0.00,0.00,89.38,0.54,50.00,0.10,-14.44,6,63,6,63,0.0%,0.0%,0.000,0.000,0.00,-4.90,0.00,0.00,0.00,0.00,0.0%,1200.00,-50.00,HI,-50.00,-50.00
2026-09-28 11:42:50.649,DEMO_MODE,F1,0,0,0.10,-14.44,0.54,50.00,0.0,0.0,0.00,0.00,0.00,89.38,0.54,50.00,0.10,-14.44,6,63,6,63,0.0%,0.0%,0.000,0.000,0.00,-4.90,0.00,0.00,0.00,0.00,0.0%,1200.00,-50.00,HI,-50.00,-50.00
2026-09-28 11:42:50.770,DEMO_MODE,F1,0,0,0.10,-14.44,0.54,50.00,0.0,0.0,0.00,0.00,0.00,89.38,0.54,50.00,0.10,-14.44,6,63,6,63,0.0%,0.0%,0.000,0.000,0.00,-4.90,0.00,0.00,0.00,0.00,0.0%,1200.00,-50.00,HI,-50.00,-50.00
2026-09-28 11:42:50.891,DEMO_MODE,F1,0,0,0.10,-14.44,0.54,50.00,0.0,0.0,0.00,0.00,0.00,89.38,0.54,50.00,0.10,-14.44,6,63,6,63,0.0%,0.0%,0.000,0.000,0.00,-4.90,0.00,0.00,0.00,0.00,0.0%,1200.00,-50.00,HI,-50.00,-50.00
2026-09-28 11:42:51.012,DEMO_MODE,F1,0,0,0.10,-14.44,0.54,50.00,0.0,4.0,0.00,0.00,0.00,89.38,0.54,50.00,0.10,-14.44,6,63,6,63,0.0%,4.0%,0.000,0.000,0.00,-4.90,0.00,0.00,0.00,0.00,0.0%,1200.00,-50.00,HI,-50.00,-50.00
2026-09-28 11:42:51.133,DEMO_MODE,F1,0,0,0.10,-14.44,0.54,50.00,0.0,4.0,0.00,0.00,0.00,89.38,0.54,50.00,0.10,-14.44,6,63,6,63,0.0%,4.0%,0.000,0.000,0.00,-4.90,0.00,0.00,0.00,0.00,0.0%,1200.00,-50.00,HI,-50.00,-50.00
2026-09-28 11:42:51.254,DEMO_MODE,F1,0,0,0.10,-14.44,0.54,50.00,0.0,4.0,0.00,0.00,0.00,89.38,0.54,50.00,0.10,-14.44,6,63,6,63,0.0%,4.0%,0.000,0.000,0.00,-4.90,0.00,0.00,0.00,0.00,0.0%,1200.00,-50.00,HI,-50.00,-50.00
2026-09-28 11:42:51.374,DEMO_MODE,F1,0,0,0.10,-14.44,0.54,50.00,0.0,4.0,0.00,0.00,0.00,89.38,0.54,50.00,0.10,-14.44,6,63,6,63,0.0%,4.0%,0.000,0.000,0.00,-4.90,0.00,0.00,0.00,0.00,0.0%,1200.00,-50.00,HI,-50.00,-50.00
2026-09-28 11:42:51.495,DEMO_MODE,F1,0,0,0.10,-14.44,0.54,50.00,0.0,4.0,0.00,0.00,0.00,89.38,0.54,50.00,0.10,-14.44,6,63,6,63,0.0%,4.0%,0.000,0.000,0.00,-4.90,0.00,0.00,0.00,0.00,0.0%,1200.00,-50.00,HI,-50.00,-50.00
2026-09-28 11:42:51.616,DEMO_MODE,F1,0,0,0.10,-14.44,0.54,50.00,0.0,4.0,0.00,0.00,0.00,89.38,0.54,50.00,0.10,-14.44,6,63,6,63,0.0%,4.0%,0.000,0.000,0.00,-4.90,0.00,0.00,0.00,0.00,0.0%,1200.00,-50.00,HI,-50.00,-50.00
2026-09-28 11:42:51.737,DEMO_MODE,F1,0,0,0.10,-14.44,0.54,50.00,0.0,4.0,0.00,0.00,0.00,89.38,0.54,50.00,0.10,-14.44,6,63,6,63,0.0%,4.0%,0.000,0.000,0.00,-4.90,0.00,0.00,0.00,0.00,0.0%,1200.00,-50.00,HI,-50.00,-50.00
2026-09-28 11:42:51.858,DEMO_MODE,F1,0,0,0.10,-14.44,0.54,50.00,0.0,4.0,0.00,0.00,0.00,89.38,0.54,50.00,0.10,-14.44,6,63,6,63,0.0%,4.0%,0.000,0.000,0.00,-4.90,0.00,0.00,0.00,0.00,0.0%,1200.00,-50.00,HI,-50.00,-50.00
2026-09-28 11:42:51.979,DEMO_MODE,F1,0,0,0.10,-14.44,0.54,50.00,0.0,4.0,0.00,0.00,0.00,89.38,0.54,50.00,0.10,-14.44,6,63,6,63,0.0%,4.0%,0.000,0.000,0.00,-4.90,0.00,0.00,0.00,0.00,0.0%,1200.00,-50.00,HI,-50.00,-50.00
2026-09-28 11:42:52.100,DEMO_MODE,F1,0,0,0.10,-14.44,0.54,50.00,0.0,4.0,0.00,0.00,0.00,89.38,0.54,50.00,0.10,-14.44,6,63,6,63,0.0%,4.0%,0.000,0.000,0.00,-4.90,0.00,0.00,0.00,0.00,0.0%,1200.00,-50.00,HI,-50.00,-50.00
2026-09-28 11:42:52.222,DEMO_MODE,F1,0,0,0.10,-14.44,0.54,50.00,0.0,4.0,0.00,0.00,0.00,89.38,0.54,50.00,0.10,-14.44,6,63,6,63,0.0%,4.0%,0.000,0.000,0.00,-4.90,0.00,0.00,0.00,0.00,0.0%,1200.00,-50.00,HI,-50.00,-50.00
2026-09-28 11:42:52.343,DEMO_MODE,F1,0,0,0.10,-14.44,0.54,50.00,0.0,4.0,0.00,0.00,0.00,89.38,0.54,50.00,0.10,-14.44,6,63,6,63,0.0%,4.0%,0.000,0.000,0.00,-4.90,0.00,0.00,0.00,0.00,0.0%,1200.00,-50.00,HI,-50.00,-50.00
2026-09-28 11:42:52.464,DEMO_MODE,F1,0,0,0.10,-14.44,0.54,50.00,0.0,4.0,0.00,0.00,0.00,89.38,0.54,50.00,0.10,-14.44,6,63,6,63,0.0%,4.0%,0.000,0.000,0.00,-4.90,0.00,0.00,0.00,0.00,0.0%,1200.00,-50.00,HI,-50.00,-50.00
2026-09-28 11:42:52.585,DEMO_MODE,F1,0,0,0.10,-14.44,0.54,50.00,0.0,4.0,0.00,0.00,0.00,89.38,0.54,50.00,0.10,-14.44,6,63,6,63,0.0%,4.0%,0.000,0.000,0.00,-4.90,0.00,0.00,0.00,0.00,0.0%,1200.00,-50.00,HI,-50.00,-50.00
2026-09-28 11:42:52.705,DEMO_MODE,F1,0,0,0.10,-14.44,0.54,50.00,0.0,4.0,0.00,0.00,0.00,89.38,0.54,50.00,0.10,-14.44,6,63,6,63,0.0%,4.0%,0.000,0.000,0.00,-4.90,0.00,0.00,0.00,0.00,0.0%,1200.00,-50.00,HI,-50.00,-50.00
2026-09-28 11:42:52.826,DEMO_MODE,F1,0,0,0.10,-14.44,0.54,50.00,0.0,4.0,0.00,0.00,0.00,89.38,0.54,50.00,0.10,-14.44,6,63,6,63,0.0%,4.0%,0.000,0.000,0.00,-4.90,0.00,0.00,0.00,0.00,0.0%,1200.00,-50.00,HI,-50.00,-50.00
2026-09-28 11:42:52.946,DEMO_MODE,F1,0,0,0.10,-14.44,0.54,50.00,0.0,4.0,0.00,0.00,0.00,89.38,0.54,50.00,0.10,-14.44,6,63,6,63,0.0%,4.0%,0.000,0.000,0.00,-4.90,0.00,0.00,0.00,0.00,0.0%,1200.00,-50.00,HI,-50.00,-50.00
2026-09-28 11:42:53.068,DEMO_MODE,F1,0,0,0.10,-14.44,0.54,50.00,0.0,4.0,0.00,0.00,0.00,89.38,0.54,50.00,0.10,-14.44,6,63,6,63,0.0%,4.0%,0.000,0.000,0.00,-4.90,0.00,0.00,0.00,0.00,0.0%,1200.00,-50.00,HI,-50.00,-50.00
2026-09-28 11:42:53.188,DEMO_MODE,F1,0,0,0.10,-14.44,0.54,50.00,0.0,4.0,0.00,0.00,0.00,89.38,0.54,50.00,0.10,-14.44,6,63,6,63,0.0%,4.0%,0.000,0.000,0.00,-4.90,0.00,0.00,0.00,0.00,0.0%,1200.00,-50.00,HI,-50.00,-50.00
2026-09-28 11:42:53.308,DEMO_MODE,F1,0,0,0.10,-14.44,0.54,50.00,0.0,4.0,0.00,0.00,0.00,89.38,0.54,50.00,0.10,-14.44,6,63,6,63,0.0%,4.0%,0.000,0.000,0.00,-4.90,0.00,0.00,0.00,0.00,0.0%,1200.00,-50.00,HI,-50.00,-50.00
2026-09-28 11:42:53.429,DEMO_MODE,F1,0,0,0.10,-14.44,0.54,50.00,0.0,4.0,0.00,0.00,0.00,89.38,0.54,50.00,0.10,-14.44,6,63,6,63,0.0%,4.0%,0.000,0.000,0.00,-4.90,0.00,0.00,0.00,0.00,0.0%,1200.00,-50.00,HI,-50.00,-50.00
2026-09-28 11:42:53.549,DEMO_MODE,F1,0,0,0.10,-14.44,0.54,50.00,0.0,4.0,0.00,0.00,0.00,89.38,0.54,50.00,0.10,-14.44,6,63,6,63,0.0%,4.0%,0.000,0.000,0.00,-4.90,0.00,0.00,0.00,0.00,0.0%,1200.00,-50.00,HI,-50.00,-50.00
2026-09-28 11:42:53.670,DEMO_MODE,F1,0,0,0.10,-14.44,0.54,50.00,0.0,4.0,0.00,0.00,0.00,89.38,0.54,50.00,0.10,-14.44,6,63,6,63,0.0%,4.0%,0.000,0.000,0.00,-4.90,0.00,0.00,0.00,0.00,0.0%,1200.00,-50.00,HI,-50.00,-50.00
2026-09-28 11:42:53.791,DEMO_MODE,F1,0,0,0.10,-14.44,0.54,50.00,0.0,4.0,0.00,0.00,0.00,89.38,0.54,50.00,0.10,-14.44,6,63,6,63,0.0%,4.0%,0.000,0.000,0.00,-4.90,0.00,0.00,0.00,0.00,0.0%,1200.00,-50.00,HI,-50.00,-50.00
2026-09-28 11:42:53.911,DEMO_MODE,F1,0,0,0.10,-14.44,0.54,50.00,0.0,4.0,0.00,0.00,0.00,89.38,0.54,50.00,0.10,-14.44,6,63,6,63,0.0%,4.0%,0.000,0.000,0.00,-4.90,0.00,0.00,0.00,0.00,0.0%,1200.00,-50.00,HI,-50.00,-50.00
