timestamp,product,serial_number,firmware,session_id,pfwd,pref,c1,c2,vpp,dc_bias,pout,iout,rs,xs
2026-09-27T09:04:28.771,DEMO,DEMO,DEMO_MODE,b0cd54b827334955b802bc84c76cbf84,0.0,0.0,0.0,0.0,0.0,-50.0,0.0,0.0,0.54,50.0
2026-09-27T09:04:28.892,DEMO,DEMO,DEMO_MODE,b0cd54b827334955b802bc84c76cbf84,0.0,0.0,0.0,0.0,0.0,-50.0,0.0,0.0,0.54,50.0
2026-09-27T09:04:29.013,DEMO,DEMO,DEMO_MODE,b0cd54b827334955b802bc84c76cbf84,0.0,0.0,0.0,0.0,0.0,-50.0,0.0,0.0,0.54,50.0
2026-09-27T09:04:29.133,DEMO,DEMO,DEMO_MODE,b0cd54b827334955b802bc84c76cbf84,0.0,0.0,0.0,0.0,0.0,-50.0,0.0,0.0,0.54,50.0
2026-09-27T09:04:29.254,DEMO,DEMO,DEMO_MODE,b0cd54b827334955b802bc84c76cbf84,0.0,0.0,0.0,0.0,0.0,-50.0,0.0,0.0,0.54,50.0
2026-09-27T09:04:29.375,DEMO,DEMO,DEMO_MODE,b0cd54b827334955b802bc84c76cbf84,0.0,0.0,0.0,0.0,0.0,-50.0,0.0,0.0,0.54,50.0
2026-09-27T09:04:29.495,DEMO,DEMO,DEMO_MODE,b0cd54b827334955b802bc84c76cbf84,0.0,0.0,0.0,0.0,0.0,-50.0,0.0,0.0,0.54,50.0
2026-09-27T09:04:29.616,DEMO,DEMO,DEMO_MODE,b0cd54b827334955b802bc84c76cbf84,0.0,0.0,0.0,0.0,0.0,-50.0,0.0,0.0,0.54,50.0
2026-09-27T09:04:29.737,DEMO,DEMO,DEMO_MODE,b0cd54b827334955b802bc84c76cbf84,0.0,0.0,0.0,0.0,0.0,-50.0,0.0,0.0,0.54,50.0
