timestamp,product,serial_number,firmware,session_id,pdat1,psum1
2026-09-27T09:04:28.771,DEMO,DEMO,DEMO_MODE,b0cd54b827334955b802bc84c76cbf84,F1 :      0    0 0.10 -14.44 0.54 50.00   0.0   0.0,0.00 0.00 0.00 89.38 0.54 50.00 0.10 -14.44 6 63 6 63  0.0%  0.0%  0.000 0.000 0.00 -4.90 0.00  0.00 0.00   0.00 0.0% | 1200.00  -50.00 HI -50.00 -50.00
2026-09-27T09:04:28.892,DEMO,DEMO,DEMO_MODE,b0cd54b827334955b802bc84c76cbf84,F1 :      0    0 0.10 -14.44 0.54 50.00   0.0   0.0,0.00 0.00 0.00 89.38 0.54 50.00 0.10 -14.44 6 63 6 63  0.0%  0.0%  0.000 0.000 0.00 -4.90 0.00  0.00 0.00   0.00 0.0% | 1200.00  -50.00 HI -50.00 -50.00
2026-09-27T09:04:29.013,DEMO,DEMO,DEMO_MODE,b0cd54b827334955b802bc84c76cbf84,F1 :      0    0 0.10 -14.44 0.54 50.00   0.0   0.0,0.00 0.00 0.00 89.38 0.54 50.00 0.10 -14.44 6 63 6 63  0.0%  0.0%  0.000 0.000 0.00 -4.90 0.00  0.00 0.00   0.00 0.0% | 1200.00  -50.00 HI -50.00 -50.00
2026-09-27T09:04:29.133,DEMO,DEMO,DEMO_MODE,b0cd54b827334955b802bc84c76cbf84,F1 :      0    0 0.10 -14.44 0.54 50.00   0.0   0.0,0.00 0.00 0.00 89.38 0.54 50.00 0.10 -14.44 6 63 6 63  0.0%  0.0%  0.000 0.000 0.00 -4.90 0.00  0.00 0.00   0.00 0.0% | 1200.00  -50.00 HI -50.00 -50.00
2026-09-27T09:04:29.254,DEMO,DEMO,DEMO_MODE,b0cd54b827334955b802bc84c76cbf84,F1 :      0    0 0.10 -14.44 0.54 50.00   0.0   0.0,0.00 0.00 0.00 89.38 0.54 50.00 0.10 -14.44 6 63 6 63  0.0%  0.0%  0.000 0.000 0.00 -4.90 0.00  0.00 0.00   0.00 0.0% | 1200.00  -50.00 HI -50.00 -50.00
2026-09-27T09:04:29.375,DEMO,DEMO,DEMO_MODE,b0cd54b827334955b802bc84c76cbf84,F1 :      0    0 0.10 -14.44 0.54 50.00   0.0   0.0,0.00 0.00 0.00 89.38 0.54 50.00 0.10 -14.44 6 63 6 63  0.0%  0.0%  0.000 0.000 0.00 -4.90 0.00  0.00 0.00   0.00 0.0% | 1200.00  -50.00 HI -50.00 -50.00
2026-09-27T09:04:29.495,DEMO,DEMO,DEMO_MODE,b0cd54b827334955b802bc84c76cbf84,F1 :      0    0 0.10 -14.44 0.54 50.00   0.0   0.0,0.00 0.00 0.00 89.38 0.54 50.00 0.10 -14.44 6 63 6 63  0.0%  0.0%  0.000 0.000 0.00 -4.90 0.00  0.00 0.00   0.00 0.0% | 1200.00  -50.00 HI -50.00 -50.00
2026-09-27T09:04:29.616,DEMO,DEMO,DEMO_MODE,b0cd54b827334955b802bc84c76cbf84,F1 :      0    0 0.10 -14.44 0.54 50.00   0.0   0.0,0.00 0.00 0.00 89.38 0.54 50.00 0.10 -14.44 6 63 6 63  0.0%  0.0%  0.000 0.000 0.00 -4.90 0.00  0.00 0.00   0.00 0.0% | 1200.00  -50.00 HI -50.00 -50.00
2026-09-27T09:04:29.737,DEMO,DEMO,DEMO_MODE,b0cd54b827334955b802bc84c76cbf84,F1 :      0    0 0.10 -14.44 0.54 50.00   0.0   0.0,0.00 0.00 0.00 89.38 0.54 50.00 0.10 -14.44 6 63 6 63  0.0%  0.0%  0.000 0.000 0.00 -4.90 0.00  0.00 0.00   0.00 0.0% | 1200.00  -50.00 HI -50.00 -50.00
