timestamp,product,serial_number,firmware,session_id,Fx,Pfwd,Pref,LoadR,Load X,Inp R,Inp X,C1 %,C2 %,V_Tune,V_NG,I_Tune,P_Tune,Rs,Xs,Rl,Xl,C1c,C1f,C2c,C2f,C1%,C2%,Vpp_Tune,Vpp_NG,Vcap,VBias,IBias,Iout,PhOut,Pout,Eff%,HVDC,DcBias,DcBias_RNG,Amb.Temp,PA.Temp
2026-09-27 19:53:11.735,Unknown,,,921c88c8264843f88514d7c1f95120c2,F1,0,0,0.10,-14.37,0.54,50.00,100.0,100.0,0.00,0.00,0.00,89.38,0.54,50.00,0.10,-14.37,6,63,6,63,100.0%,100.0%,0.000,0.000,0.00,-4.90,0.00,0.00,0.00,0.00,0.0%,1200.00,-1100.00,HI,-50.00,-50.00
2026-09-27 19:53:11.984,Unknown,,,921c88c8264843f88514d7c1f95120c2,F1,0,0,0.10,-14.37,0.54,50.00,100.0,100.0,0.00,0.00,0.00,89.38,0.54,50.00,0.10,-14.37,6,63,6,63,100.0%,100.0%,0.000,0.000,0.00,-4.90,0.00,0.00,0.00,0.00,0.0%,1200.00,-1100.00,HI,-50.00,-50.00
2026-09-27 19:53:12.225,Unknown,,,921c88c8264843f88514d7c1f95120c2,F1,0,0,0.10,-14.37,0.54,50.00,100.0,100.0,0.00,0.00,0.00,89.38,0.54,50.00,0.10,-14.37,6,63,6,63,100.0%,100.0%,0.000,0.000,0.00,-4.90,0.00,0.00,0.00,0.00,0.0%,1200.00,-1100.00,HI,-50.00,-50.00
2026-09-27 19:53:12.464,Unknown,,,921c88c8264843f88514d7c1f95120c2,F1,0,0,0.10,-14.37,0.54,50.00,100.0,100.0,0.00,0.00,0.00,89.38,0.54,50.00,0.10,-14.37,6,63,6,63,100.0%,100.0%,0.000,0.000,0.00,-4.90,0.00,0.00,0.00,0.00,0.0%,1200.00,-1100.00,HI,-50.00,-50.00
2026-09-27 19:53:12.704,Unknown,,,921c88c8264843f88514d7c1f95120c2,F1,0,0,0.10,-14.37,0.54,50.00,100.0,100.0,0.00,0.00,0.00,89.38,0.54,50.00,0.10,-14.37,6,63,6,63,100.0%,100.0%,0.000,0.000,0.00,-4.90,0.00,0.00,0.00,0.00,0.0%,1200.00,-1100.00,HI,-50.00,-50.00
2026-09-27 19:53:12.944,Unknown,,,921c88c8264843f88514d7c1f95120c2,F1,0,0,0.10,-14.37,0.54,50.00,100.0,100.0,0.00,0.00,0.00,89.38,0.54,50.00,0.10,-14.37,6,63,6,63,100.0%,100.0%,0.000,0.000,0.00,-4.90,0.00,0.00,0.00,0.00,0.0%,1200.00,-1100.00,HI,-50.00,-50.00
2026-09-27 19:53:13.184,Unknown,,,921c88c8264843f88514d7c1f95120c2,F1,0,0,0.10,-14.37,0.54,50.00,100.0,100.0,0.00,0.00,0.00,89.38,0.54,50.00,0.10,-14.37,6,63,6,63,100.0%,100.0%,0.000,0.000,0.00,-4.90,0.00,0.00,0.00,0.00,0.0%,1200.00,-1100.00,HI,-50.00,-50.00
2026-09-27 19:53:13.424,Unknown,,,921c88c8264843f88514d7c1f95120c2,F1,0,0,0.10,-14.37,0.54,50.00,100.0,100.0,0.00,0.00,0.00,89.38,0.54,50.00,0.10,-14.37,6,63,6,63,100.0%,100.0%,0.000,0.000,0.00,-4.90,0.00,0.00,0.00,0.00,0.0%,1200.00,-1100.00,HI,-50.00,-50.00
2026-09-27 19:53:13.663,Unknown,,,921c88c8264843f88514d7c1f95120c2,F1,0,0,0.10,-14.37,0.54,50.00,100.0,100.0,0.00,0.00,0.00,89.38,0.54,50.00,0.10,-14.37,6,63,6,63,100.0%,100.0%,0.000,0.000,0.00,-4.90,0.00,0.00,0.00,0.00,0.0%,1200.00,-1100.00,HI,-50.00,-50.00
2026-09-27 19:53:13.903,Unknown,,,921c88c8264843f88514d7c1f95120c2,F1,0,0,0.10,-14.37,0.54,50.00,100.0,100.0,0.00,0.00,0.00,89.38,0.54,50.00,0.10,-14.37,6,63,6,63,100.0%,100.0%,0.000,0.000,0.00,-4.90,0.00,0.00,0.00,0.00,0.0%,1200.00,-1100.00,HI,-50.00,-50.00
2026-09-27 19:53:14.144,Unknown,,,921c88c8264843f88514d7c1f95120c2,F1,0,0,0.10,-14.37,0.54,50.00,100.0,100.0,0.00,0.00,0.00,89.38,0.54,50.00,0.10,-14.37,6,63,6,63,100.0%,100.0%,0.000,0.000,0.00,-4.90,0.00,0.00,0.00,0.00,0.0%,1200.00,-1100.00,HI,-50.00,-50.00
2026-09-27 19:53:14.385,Unknown,,,921c88c8264843f88514d7c1f95120c2,F1,0,0,0.10,-14.37,0.54,50.00,100.0,100.0,0.00,0.00,0.00,89.38,0.54,50.00,0.10,-14.37,6,63,6,63,100.0%,100.0%,0.000,0.000,0.00,-4.90,0.00,0.00,0.00,0.00,0.0%,1200.00,-1100.00,HI,-50.00,-50.00
2026-09-27 19:53:14.623,Unknown,,,921c88c8264843f88514d7c1f95120c2,F1,0,0,0.10,-14.37,0.54,50.00,100.0,100.0,0.00,0.00,0.00,89.38,0.54,50.00,0.10,-14.37,6,63,6,63,100.0%,100.0%,0.000,0.000,0.00,-4.90,0.00,0.00,0.00,0.00,0.0%,1200.00,-1100.00,HI,-50.00,-50.00
2026-09-27 19:53:14.865,Unknown,,,921c88c8264843f88514d7c1f95120c2,F1,0,0,0.10,-14.37,0.54,50.00,100.0,100.0,0.00,0.00,0.00,89.38,0.54,50.00,0.10,-14.37,6,63,6,63,100.0%,100.0%,0.000,0.000,0.00,-4.90,0.00,0.00,0.00,0.00,0.0%,1200.00,-1100.00,HI,-50.00,-50.00
2026-09-27 19:53:15.105,Unknown,,,921c88c8264843f88514d7c1f95120c2,F1,0,0,0.10,-14.37,0.54,50.00,100.0,100.0,0.00,0.00,0.00,89.38,0.54,50.00,0.10,-14.37,6,63,6,63,100.0%,100.0%,0.000,0.000,0.00,-4.90,0.00,0.00,0.00,0.00,0.0%,1200.00,-1100.00,HI,-50.00,-50.00
2026-09-27 19:53:15.345,Unknown,,,921c88c8264843f88514d7c1f95120c2,F1,0,0,0.10,-14.37,0.54,50.00,100.0,100.0,0.00,0.00,0.00,89.38,0.54,50.00,0.10,-14.37,6,63,6,63,100.0%,100.0%,0.000,0.000,0.00,-4.90,0.00,0.00,0.00,0.00,0.0%,1200.00,-1100.00,HI,-50.00,-50.00
2026-09-27 19:53:15.584,Unknown,,,921c88c8264843f88514d7c1f95120c2,F1,0,0,0.10,-14.37,0.54,50.00,100.0,100.0,0.00,0.00,0.00,89.38,0.54,50.00,0.10,-14.37,6,63,6,63,100.0%,100.0%,0.000,0.000,0.00,-4.90,0.00,0.00,0.00,0.00,0.0%,1200.00,-1100.00,HI,-50.00,-50.00
2026-09-27 19:53:15.825,Unknown,,,921c88c8264843f88514d7c1f95120c2,F1,0,0,0.10,-14.37,0.54,50.00,100.0,100.0,0.00,0.00,0.00,89.38,0.54,50.00,0.10,-14.37,6,63,6,63,100.0%,100.0%,0.000,0.000,0.00,-4.90,0.00,0.00,0.00,0.00,0.0%,1200.00,-1100.00,HI,-50.00,-50.00
2026-09-27 19:53:16.064,Unknown,,,921c88c8264843f88514d7c1f95120c2,F1,0,0,0.10,-14.37,0.54,50.00,100.0,100.0,0.00,0.00,0.00,89.38,0.54,50.00,0.10,-14.37,6,63,6,63,100.0%,100.0%,0.000,0.000,0.00,-4.90,0.00,0.00,0.00,0.00,0.0%,1200.00,-1100.00,HI,-50.00,-50.00
2026-09-27 19:53:16.305,Unknown,,,921c88c8264843f88514d7c1f95120c2,F1,0,0,0.10,-14.37,0.54,50.00,100.0,100.0,0.00,0.00,0.00,89.38,0.54,50.00,0.10,-14.37,6,63,6,63,100.0%,100.0%,0.000,0.000,0.00,-4.90,0.00,0.00,0.00,0.00,0.0%,1200.00,-1100.00,HI,-50.00,-50.00
2026-09-27 19:53:16.545,Unknown,,,921c88c8264843f88514d7c1f95120c2,F1,0,0,0.10,-14.37,0.54,50.00,100.0,100.0,0.00,0.00,0.00,89.38,0.54,50.00,0.10,-14.37,6,63,6,63,100.0%,100.0%,0.000,0.000,0.00,-4.90,0.00,0.00,0.00,0.00,0.0%,1200.00,-1100.00,HI,-50.00,-50.00
2026-09-27 19:53:16.784,Unknown,,,921c88c8264843f88514d7c1f95120c2,F1,0,0,0.10,-14.37,0.54,50.00,100.0,100.0,0.00,0.00,0.00,89.38,0.54,50.00,0.10,-14.37,6,63,6,63,100.0%,100.0%,0.000,0.000,0.00,-4.90,0.00,0.00,0.00,0.00,0.0%,1200.00,-1100.00,HI,-50.00,-50.00
2026-09-27 19:53:17.024,Unknown,,,921c88c8264843f88514d7c1f95120c2,F1,0,0,0.10,-14.37,0.54,50.00,100.0,100.0,0.00,0.00,0.00,89.38,0.54,50.00,0.10,-14.37,6,63,6,63,100.0%,100.0%,0.000,0.000,0.00,-4.90,0.00,0.00,0.00,0.00,0.0%,1200.00,-1100.00,HI,-50.00,-50.00
2026-09-27 19:53:17.263,Unknown,,,921c88c8264843f88514d7c1f95120c2,F1,0,0,0.10,-14.37,0.54,50.00,100.0,100.0,0.00,0.00,0.00,89.38,0.54,50.00,0.10,-14.37,6,63,6,63,100.0%,100.0%,0.000,0.000,0.00,-4.90,0.00,0.00,0.00,0.00,0.0%,1200.00,-1100.00,HI,-50.00,-50.00
2026-09-27 19:53:17.503,Unknown,,,921c88c8264843f88514d7c1f95120c2,F1,0,0,0.10,-14.37,0.54,50.00,100.0,100.0,0.00,0.00,0.00,89.38,0.54,50.00,0.10,-14.37,6,63,6,63,100.0%,100.0%,0.000,0.000,0.00,-4.90,0.00,0.00,0.00,0.00,0.0%,1200.00,-1100.00,HI,-50.00,-50.00
2026-09-27 19:53:17.742,Unknown,,,921c88c8264843f88514d7c1f95120c2,F1,0,0,0.10,-14.37,0.54,50.00,100.0,100.0,0.00,0.00,0.00,89.38,0.54,50.00,0.10,-14.37,6,63,6,63,100.0%,100.0%,0.000,0.000,0.00,-4.90,0.00,0.00,0.00,0.00,0.0%,1200.00,-1100.00,HI,-50.00,-50.00
2026-09-27 19:53:17.981,Unknown,,,921c88c8264843f88514d7c1f95120c2,F1,0,0,0.10,-14.37,0.54,50.00,100.0,100.0,0.00,0.00,0.00,89.38,0.54,50.00,0.10,-14.37,6,63,6,63,100.0%,100.0%,0.000,0.000,0.00,-4.90,0.00,0.00,0.00,0.00,0.0%,1200.00,-1100.00,HI,-50.00,-50.00
2026-09-27 19:53:18.223,Unknown,,,921c88c8264843f88514d7c1f95120c2,F1,0,0,0.10,-14.37,0.54,50.00,100.0,100.0,0.00,0.00,0.00,89.38,0.54,50.00,0.10,-14.37,6,63,6,63,100.0%,100.0%,0.000,0.000,0.00,-4.90,0.00,0.00,0.00,0.00,0.0%,1200.00,-1100.00,HI,-50.00,-50.00
2026-09-27 19:53:18.464,Unknown,,,921c88c8264843f88514d7c1f95120c2,F1,0,0,0.10,-14.37,0.54,50.00,100.0,100.0,0.00,0.00,0.00,89.38,0.54,50.00,0.10,-14.37,6,63,6,63,100.0%,100.0%,0.000,0.000,0.00,-4.90,0.00,0.00,0.00,0.00,0.0%,1200.00,-1100.00,HI,-50.00,-50.00
2026-09-27 19:53:18.704,Unknown,,,921c88c8264843f88514d7c1f95120c2,F1,0,0,0.10,-14.37,0.54,50.00,100.0,100.0,0.00,0.00,0.00,89.38,0.54,50.00,0.10,-14.37,6,63,6,63,100.0%,100.0%,0.000,0.000,0.00,-4.90,0.00,0.00,0.00,0.00,0.0%,1200.00,-1100.00,HI,-50.00,-50.00
2026-09-27 19:53:18.944,Unknown,,,921c88c8264843f88514d7c1f95120c2,F1,0,0,0.10,-14.37,0.54,50.00,100.0,100.0,0.00,0.00,0.00,89.38,0.54,50.00,0.10,-14.37,6,63,6,63,100.0%,100.0%,0.000,0.000,0.00,-4.90,0.00,0.00,0.00,0.00,0.0%,1200.00,-1100.00,HI,-50.00,-50.00
2026-09-27 19:53:19.183,Unknown,,,921c88c8264843f88514d7c1f95120c2,F1,0,0,0.10,-14.37,0.54,50.00,100.0,100.0,0.00,0.00,0.00,89.38,0.54,50.00,0.10,-14.37,6,63,6,63,100.0%,100.0%,0.000,0.000,0.00,-4.90,0.00,0.00,0.00,0.00,0.0%,1200.00,-1100.00,HI,-50.00,-50.00
2026-09-27 19:53:19.424,Unknown,,,921c88c8264843f88514d7c1f95120c2,F1,0,0,0.10,-14.37,0.54,50.00,100.0,100.0,0.00,0.00,0.00,89.38,0.54,50.00,0.10,-14.37,6,63,6,63,100.0%,100.0%,0.000,0.000,0.00,-4.90,0.00,0.00,0.00,0.00,0.0%,1200.00,-1100.00,HI,-50.00,-50.00
2026-09-27 19:53:19.665,Unknown,,,921c88c8264843f88514d7c1f95120c2,F1,0,0,0.10,-14.37,0.54,50.00,100.0,100.0,0.00,0.00,0.00,89.38,0.54,50.00,0.10,-14.37,6,63,6,63,100.0%,100.0%,0.000,0.000,0.00,-4.90,0.00,0.00,0.00,0.00,0.0%,1200.00,-1100.00,HI,-50.00,-50.00
2026-09-27 19:53:19.905,Unknown,,,921c88c8264843f88514d7c1f95120c2,F1,0,0,0.10,-14.37,0.54,50.00,100.0,100.0,0.00,0.00,0.00,89.38,0.54,50.00,0.10,-14.37,6,63,6,63,100.0%,100.0%,0.000,0.000,0.00,-4.90,0.00,0.00,0.00,0.00,0.0%,1200.00,-1100.00,HI,-50.00,-50.00
2026-09-27 19:53:20.144,Unknown,,,921c88c8264843f88514d7c1f95120c2,F1,0,0,0.10,-14.37,0.54,50.00,100.0,100.0,0.00,0.00,0.00,89.38,0.54,50.00,0.10,-14.37,6,63,6,63,100.0%,100.0%,0.000,0.000,0.00,-4.90,0.00,0.00,0.00,0.00,0.0%,1200.00,-1100.00,HI,-50.00,-50.00
2026-09-27 19:53:20.384,Unknown,,,921c88c8264843f88514d7c1f95120c2,F1,0,0,0.10,-14.37,0.54,50.00,100.0,100.0,0.00,0.00,0.00,89.38,0.54,50.00,0.10,-14.37,6,63,6,63,100.0%,100.0%,0.000,0.000,0.00,-4.90,0.00,0.00,0.00,0.00,0.0%,1200.00,-1100.00,HI,-50.00,-50.00
2026-09-27 19:53:20.624,Unknown,,,921c88c8264843f88514d7c1f95120c2,F1,0,0,0.10,-14.37,0.54,50.00,100.0,100.0,0.00,0.00,0.00,89.38,0.54,50.00,0.10,-14.37,6,63,6,63,100.0%,100.0%,0.000,0.000,0.00,-4.90,0.00,0.00,0.00,0.00,0.0%,1200.00,-1100.00,HI,-50.00,-50.00
2026-09-27 19:53:20.865,Unknown,,,921c88c8264843f88514d7c1f95120c2,F1,0,0,0.10,-14.37,0.54,50.00,100.0,100.0,0.00,0.00,0.00,89.38,0.54,50.00,0.10,-14.37,6,63,6,63,100.0%,100.0%,0.000,0.000,0.00,-4.90,0.00,0.00,0.00,0.00,0.0%,1200.00,-1100.00,HI,-50.00,-50.00
2026-09-27 19:53:21.104,Unknown,,,921c88c8264843f88514d7c1f95120c2,F1,0,0,0.10,-14.37,0.54,50.00,100.0,100.0,0.00,0.00,0.00,89.38,0.54,50.00,0.10,-14.37,6,63,6,63,100.0%,100.0%,0.000,0.000,0.00,-4.90,0.00,0.00,0.00,0.00,0.0%,1200.00,-1100.00,HI,-50.00,-50.00
2026-09-27 19:53:21.344,Unknown,,,921c88c8264843f88514d7c1f95120c2,F1,0,0,0.10,-14.37,0.54,50.00,100.0,100.0,0.00,0.00,0.00,89.38,0.54,50.00,0.10,-14.37,6,63,6,63,100.0%,100.0%,0.000,0.000,0.00,-4.90,0.00,0.00,0.00,0.00,0.0%,1200.00,-1100.00,HI,-50.00,-50.00
